dcboe_hash_id,smd_id,candidate_name,pickup_date,filed_date,candidate_status
5562e6cb282ae08f0a57700a9f21b2ac6b13b6082f4088e65f72b649,smd_2022_1A01,Max Ewart,2022-07-22,2022-08-09,Filed Signatures
dcca894eb6fbad029f0602aea05dba22af14b0866045b711be6429b4,smd_2022_1A02,Dieter Lehmann Morales,2022-07-20,2022-08-10,Filed Signatures
f9e78f92331964dbb13882c00022c44b62a83a73673a072bad3ba714,smd_2022_1A03,Carlo Perri,2022-07-22,2022-08-10,Filed Signatures
1088a5b7560f9a6cdccb70b673efd8f2422cb8a8311aafabc99e2c65,smd_2022_1A04,Jeremy Sherman,2022-07-20,2022-08-10,Filed Signatures
d84a47f58fa9fd4e3d347fadbfd177f3a344945eca2c04f4bb3d0933,smd_2022_1A05,Stephen Coleman Kenny,2022-07-25,2022-08-03,Filed Signatures
b63a759dcd36681ec5b12faa2328e6f6772fe3324e1e20e531289fd2,smd_2022_1A07,Mukta Ghorpadey,2022-07-21,2022-08-05,Filed Signatures
47a5811fa7a6d808a422315964bbe2ec06c6492742f3ffaa0e7d0b62,smd_2022_1A08,David Segall,2022-08-01,2022-08-05,Filed Signatures
cff994565f00e16b5710be29eb2d662aec7cbc9003e8c900a5b5d574,smd_2022_1A09,James A. Turner,2022-07-27,2022-08-10,Filed Signatures
535506ac27876a3d8309f3853dc0eb532e9a883ef52fbd41ab6057ac,smd_2022_1A10,Billy Easley,2022-07-26,2022-08-01,Filed Signatures
3397ae40dc54d42a2c5e137488a9fce16554282f7d9151f564e10891,smd_2022_1A10,Dotti Love Wade,2022-08-05,2022-08-10,Filed Signatures
53c43e04e143f15447dd1458a1ae654b2a2091a01838d999d62d7ca0,smd_2022_1B01,Larry Handerhan,2022-07-25,2022-08-04,Filed Signatures
06ad2150fe0ec19e06065c4f0d71a2e680086b09fcf06c11e4d38cd4,smd_2022_1B02,Sean Holihan,2022-07-22,2022-08-08,Filed Signatures
55499d2334ea9ad1e6534b7d6fc2dc9ba532718f3f779a7843b8e138,smd_2022_1B03,Jamie S. Sycamore,2022-07-20,2022-08-10,Filed Signatures
e6a743941dcab42f5463300cd61818373ecee75384a9f4a415ec04c5,smd_2022_1B04,Santiago Lakatos,2022-07-22,2022-08-09,Filed Signatures
6fb27b5c77993ff134e0ae8e1b9bb06cdd40df290b43add54910397c,smd_2022_1B04,Harry Quinton,2022-08-02,2022-08-09,Filed Signatures
0b8bbdf30f645f5c23fad620fb3fe672d7c4cf73d39734cf658d9e50,smd_2022_1B07,Ashleigh Fields,2022-08-01,2022-08-10,Filed Signatures
2c89e0ba33d3ef9865b922649dd11193de12e1e5f84c38970a77ee67,smd_2022_1B08,Sabel Harris,2022-07-20,2022-08-05,Filed Signatures
fc1061e070a10cc362bdc7aaca909fc9846247a4f7190302a21e84b0,smd_2022_1B09,Tucker Jones,2022-07-21,2022-08-04,Filed Signatures
d88d9fc48f174638ba2aade81aeaf879c06cea91925d22ec229ee19c,smd_2022_1C01,Howard Bauleke,2022-07-20,2022-08-09,Filed Signatures
a781466b17c3f51a2ee80f4015c489244b7d2acb8d1a10bc57df621f,smd_2022_1C02,Lee Dixon,2022-08-03,2022-08-10,Filed Signatures
2e8354d50db30e833862eba772e0360f216ad477eff6a95fef2e2670,smd_2022_1C03,Peter Wood,2022-07-20,2022-07-27,Filed Signatures
0677a42de7f69998e68194e044312dd65609dc1f2981f70e3b1656d8,smd_2022_1C04,Joseph Van Wye,2022-07-28,2022-08-10,Filed Signatures
54ef85de748cf36a4b86ef512fbb4f6dc3ef86097bbd504a318deff9,smd_2022_1C05,Wilma B.Y. Jones,2022-08-05,2022-08-10,Filed Signatures
c18366073bfc0c37989fdc35028d714ae03e06770511533262fddd54,smd_2022_1C05,Margaret Stevens,2022-07-21,2022-08-08,Filed Signatures
d9081248356ba899d2bf5843a5aaeb601cc66421cd8c37e1990512db,smd_2022_1C06,Lynda Laughlin,2022-08-01,2022-08-10,Filed Signatures
74faa0abdef588307d344a1143cc6e473cc9688e1e17807fa35a4107,smd_2022_1C07,Jake Faleschini,2022-08-04,2022-08-09,Filed Signatures
9b5b4177ba4c8248b5beb951e77b265d475d8b6f3c110c4d74225d0e,smd_2022_1C07,Nancy Shia,2022-08-03,2022-08-09,Filed Signatures
2f58136f1f3ab1fd5a66ce6cf4a92223cf9b07f72801ac5843729e63,smd_2022_1D02,Hannah Grigg,2022-08-05,2022-08-10,Filed Signatures
dfb98aa3af8e5c0b1557165dce888f15c0ac0974e3947300d116ed6f,smd_2022_1D03,Erika Nunez,2022-07-22,2022-08-10,Filed Signatures
cd6a3f9ae43d78882dab165714f7b677db68fdbfcd95615e61828e0f,smd_2022_1D04,Yasmin Romero,2022-07-28,2022-08-09,Filed Signatures
0dcf0bc6cbcbe09714be4d534be1021a7d69dece9f91aee10c507179,smd_2022_1D05,Omar Parbhoo,2022-08-03,2022-08-09,Filed Signatures
28b3de27b0233c3ef81b25f6ae01a25b5d39030b253d5f858bf73264,smd_2022_1D06,Angela Allison,2022-07-25,2022-08-10,Filed Signatures
0e8976a171e26830532d101017ebf0a854ccdc5351ba291ac686fb42,smd_2022_1D06,Robin Sandenburgh (Withdrew 8/22/22),2022-07-28,2022-08-10,Withdrew
8ece762b6596dc2e1afe22e9dcbddeb9d7d80121c1d80aaf51ce9ce1,smd_2022_1D07,Anthony Barnes,2022-08-08,2022-08-10,Filed Signatures
198d13865a08b5cf5075a809d4972d493922621c0bccd7b3bbdcb67c,smd_2022_1E01,Kent C. Boese,2022-07-29,2022-08-01,Filed Signatures
7b10f8b77728cbac73004d49074a9922724c126d97ce10f1db1c6f08,smd_2022_1E02,Bobbie Lancaster,2022-08-02,2022-08-08,Filed Signatures
3be338453cbef0f37de4ac1921e5d9f8352f5816c673aa3e354fe90a,smd_2022_1E03,Michael Wray,2022-07-29,2022-08-05,Filed Signatures
237a1f43d6d5811903f760d7781f6f716b8f34d127fc7f8ced4c94bf,smd_2022_1E04,Rashida Brown,2022-07-27,2022-08-09,Filed Signatures
ba22a50bd9be211485e633c8d743327eb3bd91801dd3b39da072a7de,smd_2022_1E04,Mike Mclaughlin (Withdrew 8/29/22),2022-07-26,2022-08-09,Withdrew
6b5f385e9d2caa459537f14561a4566da104f1729dff8304eb1191d8,smd_2022_1E06,E. Gail Anderson Holness,2022-07-25,2022-07-29,Filed Signatures
367dd12ea82d1bc85a955356cfe3bf9f000bf74976457aa9c8e55346,smd_2022_1E06,Josh Jacobson,2022-07-20,2022-08-02,Filed Signatures
e24908f8bf148951f388b06894ff1e62247417317a0394dc7c93e471,smd_2022_1E07,Amanda M Farnan,2022-07-20,2022-08-09,Filed Signatures
e9ac43f75cab61581f47f97560a1c0fba3360365a17a77edae6144a1,smd_2022_1E07,Brian Footer,2022-07-25,2022-08-08,Filed Signatures
824ee5a6ba2f0bb38c35708e8e89d5305c3760cf275d4a26e7feae9c,smd_2022_2A01,Susana Bara√Ëano,2022-07-29,2022-08-09,Filed Signatures
a3a1aca02836f7a361688a4031b7eebb21ee77bea84c20915ec174df,smd_2022_2A01,Yannik Omictin,2022-07-27,2022-08-10,Filed Signatures
29e2f8dacb7d4a6413f970f2fe9623a105d1c93accd5388f24d3d6fe,smd_2022_2A02,Jim Malec,2022-07-22,2022-07-28,Filed Signatures
9854f1855dc256116985ba90340178eba0b2b4334029b1bcaf656c3c,smd_2022_2A03,"Trupti ""Trip"" Patel",2022-07-20,2022-08-10,Filed Signatures
70b25a4e89b64d3d6e0d8fb216a5167ec7eb95c37bfe6d61316f5148,smd_2022_2A04,Carson Robb,2022-07-20,2022-08-03,Filed Signatures
0ce0b20a4944eb102386efea5260b4bd78b13b36434eb75d47db1f56,smd_2022_2A04,Ed Comer,2022-07-29,2022-08-08,Filed Signatures
825d3bccff0b3c6a7e38e016ff8b934adf04de324b67c8ff88eb2eb4,smd_2022_2A07,Dasia Bandy,2022-07-27,2022-08-10,Filed Signatures
366bf900180dbd9c100773b1f1c4d325771c9999afee31ec27a25c40,smd_2022_2A08,Jordan Nassar,2022-07-25,2022-08-10,Filed Signatures
8d4f48cf2bc69f301df4959177ef61ae3fadcf6df8525ce47722cc28,smd_2022_2B01,Meg Roggensack,2022-07-21,2022-08-04,Filed Signatures
d99ed713d516ce89e56dc3e927c21af1cc0701d762533ef2844c85ca,smd_2022_2B02,Jeffrey Rueckgauer,2022-07-20,2022-08-09,Filed Signatures
3a28392320978d1a9e7762645712a3e557cbcf3db79ab498075955df,smd_2022_2B03,Vincent E. Slatt,2022-08-09,2022-08-10,Filed Signatures
660485840a722048c958542aec8e8b0bffcbd105a6136f6e2aeca36e,smd_2022_2B04,China Dickerson,2022-07-22,2022-08-08,Filed Signatures
e737dd7cc7cc225ea496c0884af71af42c8ccb42703e14c5a938516b,smd_2022_2B05,Z Stein,2022-08-03,2022-08-10,Filed Signatures
d4d78df60dbdd91376f7fce91534e1a9d856fc96bea70a918229da98,smd_2022_2B06,Matt Johnson,2022-07-26,2022-08-05,Filed Signatures
b643a743cfdefc9c8d44234235f0d3aa0081ea4f7481c296c8544310,smd_2022_2B07,Patricia Bencivenga,2022-08-03,2022-08-09,Filed Signatures
a6b313efaa8174862d1bab134681bb21c0927b506e6d035894910146,smd_2022_2B08,Thomas Reiter,2022-08-03,2022-08-08,Filed Signatures
c02830c2f04981657eaaec5119a8a26e83ab0190c277aec81cced4c4,smd_2022_2B08,Zachary Adams,2022-07-20,2022-08-05,Filed Signatures
2ff215ab7b7f86794fc323e80cc69acc8a8a66180e15ddc3937d5034,smd_2022_2B09,Christopher Davis,2022-07-21,2022-08-09,Filed Signatures
60cb956860778b81e2106c20f5bd06844cb780117be262b87eebebaa,smd_2022_2C01,Michael D. Shankle,2022-07-28,2022-08-04,Filed Signatures
0528c090d0ecc2a6985b03a321946001ca919291f7f5735e8b829997,smd_2022_2C02,Josette Barsano,2022-07-29,2022-08-10,Filed Signatures
bbcfa048c8b2f7fea30fd996c56ef23ec697135161e58c74a5970408,smd_2022_2C02,Rebecca Strauss,2022-07-26,2022-08-01,Filed Signatures
3e40a6fa538c953c4303ff26da037c09af36a6c428add873c36d2571,smd_2022_2C03,Thomas S. Lee,2022-08-10,2022-08-10,Filed Signatures
874881d5669222fb008e249647644831df0a175ca7290719a58a2482,smd_2022_2D01,Ashley Warren,2022-07-29,2022-08-10,Filed Signatures
e68cf62e1e3c5148da18c1eb901bbe1cc5a8ae6e8b2fe01c6699915c,smd_2022_2D02,Carole L. Feld,2022-07-25,2022-08-10,Filed Signatures
f78e6c477cfcd9302f52da5b81554793728053a2556d063b7fcec6db,smd_2022_2E01,Kishan Putta,2022-07-27,2022-08-10,Filed Signatures
c0145c0ca5babc96fcc1e8fc5b663d70b8e46bf03d286ff19c7ad5d7,smd_2022_2E02,Patrick Clawson,2022-07-20,2022-08-05,Filed Signatures
99c7555c4f179566b7a7d111d16efad7dfe8b7b2706ff85de090317a,smd_2022_2E02,"Christopher ""Topher"" Mathews",2022-07-25,2022-08-09,Filed Signatures
43bbe9767621c3e1918f4021e6e6c94e7f3af1cd8527f0813fcf2d0a,smd_2022_2E05,Mimsy Lindner,2022-07-21,2022-08-09,Filed Signatures
59e011a749ed0f67820b404389601a8269b90d8cfeb61e8e554f229a,smd_2022_2E06,Gwendolyn Lohse,2022-08-01,2022-08-05,Filed Signatures
b6dff2275ef38be13529f16998a77afaf1e0f48e9a699c6ffb6009c2,smd_2022_2E07,Elizabeth H. Miller,2022-07-25,2022-08-09,Filed Signatures
f3f12958552353eaf96bf081c611b0b6f0a44b4b75736411e297d9df,smd_2022_2F01,David R. Rubenstein,2022-07-27,2022-08-04,Filed Signatures
820f94c69cfa356d09013ac45d51e0ca5451fc290e538dd70cd1a7f2,smd_2022_2F02,Neil Rocklin,2022-07-28,2022-08-05,Filed Signatures
f20f53add16885183b77171e39105bcda4cd428d05d1392f7da6c082,smd_2022_2F04,Brian J. Mccabe,2022-07-20,2022-08-03,Filed Signatures
15f49ce38e97683a2ba7941c4fb144faa2c6bab8fbd178396b6fdd53,smd_2022_2F07,Brant J. Miller,2022-07-22,2022-07-28,Filed Signatures
905bb9160a56c6b39cdc66d1898dbe7ef2919d6e14d81792e18353d3,smd_2022_2F08,Caroline Zagraniczny,2022-08-09,2022-08-10,Filed Signatures
b560f33ecf554fe0a01a2ef6c2ab6dd495921a6b13a20f206cd22c8f,smd_2022_2G01,"Anthony ""Tony"" Brown",2022-07-29,2022-08-10,Filed Signatures
9799226a9ecf2b94fde690df7d05c2c6360d2c61e3f86b885d21dcec,smd_2022_2G01,Zach Naimon (Withdrew 9/2/22),2022-08-03,2022-08-10,Withdrew
90f2236d63866c9b64de0a55678b49deb3cc991891f0cb9e6e1ecdbb,smd_2022_2G02,Michael Eichler (Withdrew 9/6/22),2022-07-20,2022-07-25,Withdrew
c62dede4c944e0332cbf4cc7cc387e39243b1d6f12d9efec92889174,smd_2022_2G02,"Alexander M. ""Alex"" Padro",2022-07-29,2022-08-09,Filed Signatures
d40cabc68c3f7d7c9d819eb46115810d367fc263f1d1429551305957,smd_2022_2G03,Sranda Watkins,2022-07-29,2022-08-09,Filed Signatures
9c219b33413bdda27cda04297a676446bf81fb1d4cf4b3f648612f08,smd_2022_2G03,Alex Lopez,2022-07-29,2022-08-04,Filed Signatures
c3b5afd0b7f804299873be1d37283207b513d340d1eccfb11295f7df,smd_2022_2G04,Amanda Gore,2022-07-22,2022-08-10,Filed Signatures
7ea44a698b8058d5dbbf7d8683580a178c77a0d2597b7ef7e58fb71a,smd_2022_2G04,Fred Hill,2022-08-04,2022-08-09,Filed Signatures
6855dad071a2f1a25063d5f489d125d50662e82d5ea3658724588743,smd_2022_2G04,Steven Mccarty,2022-08-01,2022-08-09,Filed Signatures
80dce34da9ef9a18e633e02706125787d1b79d6f782baa054cfb42f6,smd_2022_2G05,Willie Doggett,2022-07-20,2022-08-09,Filed Signatures
e0b797d28faef8ab7fa133161c277f99e9291b597bed06110ccb2c54,smd_2022_2G05,Sheena Berry,2022-08-05,2022-08-09,Filed Signatures
e39cd88266fa8a93ae70f3f2d9e5b5c81f7a2f7a1667e5b8b045b8e8,smd_2022_2G06,Rachelle P. Nigro,2022-07-20,2022-07-28,Filed Signatures
0002abb921a32cd5cc9fa312c7a4b745adfa2ecb223d9604d24fed35,smd_2022_3/4G01,Lisa R. Gore,2022-07-22,2022-08-04,Filed Signatures
d37cc161cde05a95dbb81e1d6f9542e5e14d49f34a214c7976524020,smd_2022_3/4G02,John K. Higgins,2022-07-20,2022-07-22,Filed Signatures
3c952806a7589f1f01d9f52ae6772e2bfd3894d5d302f226e55b4949,smd_2022_3/4G02,Bruce Sherman,2022-08-08,2022-08-10,Filed Signatures
ab202eb4bb7f383b60987acec09a231fbab35d3e130cf81e1571a5cf,smd_2022_3/4G03,James Nash,2022-07-25,2022-08-08,Filed Signatures
0e4bbfc695b8fd5de406ed3d9c81ab882ac7b0fbb71a2b4efc731d80,smd_2022_3/4G04,Michael Zeldin,2022-07-26,2022-07-28,Filed Signatures
99f305a27cf54f9bd860b003282fbcc5b2270fd1473fac396c08cd00,smd_2022_3/4G05,H Norman Knickle,2022-07-27,2022-07-29,Filed Signatures
27e04bd207bab5f256fff29531a8f9fda1f438fd8fd4e40c91fe7070,smd_2022_3/4G05,Peter Lynch,2022-08-03,2022-08-10,Filed Signatures
9aaedb6a1dd2eb80f5cfee07ff6f077c011742a16e1e201c19c98a31,smd_2022_3/4G06,Peter Gosselin,2022-07-21,2022-08-01,Filed Signatures
fa68123c65d6cfca9c65de8aec2f69d0df1fc13b3c5ff5e8fa9254a1,smd_2022_3/4G07,Zachary Ferguson,2022-08-09,2022-08-10,Filed Signatures
cea5def1ffca15e3a29238fef46d9fbdf5bde1713682084efb1a3398,smd_2022_3A01,Thaddeus Bradley-Lewis,2022-07-20,2022-08-09,Filed Signatures
c8b6837a97db47ca166b78b94bf03f9dc0ed6e456604f32fff5d70f9,smd_2022_3A03,Hans B. Miller,2022-07-26,2022-08-02,Filed Signatures
697c40136d568ccb011c3e742c873a670187db3714a887549a9e4647,smd_2022_3A04,Jeremy Del Moral,2022-08-05,2022-08-08,Filed Signatures
504361df185cddf9788f1aba3f2dba846f0054089656cf880eaf2020,smd_2022_3A05,Ann Lane Mladinov,2022-07-27,2022-08-10,Filed Signatures
843637bdd85b8f8a0fc82c672235ca41b9cbe47c83fbfa5515141584,smd_2022_3B01,Kevin Lavezzo,2022-08-04,2022-08-10,Filed Signatures
60707bc854949d8aa96376c99bb9713b55b50da5ac5ceddaf016cc61,smd_2022_3B02,Jackie Blumenthal,2022-07-26,2022-08-09,Filed Signatures
7c7c036380a23074f94678709b670e9078352fefbcae093d7ee60499,smd_2022_3B02,Aileen Nowlan,2022-08-02,2022-08-09,Filed Signatures
ea4a6f75b45579a4ba2ffea155d49f3637ec2277d88ed0089f44e2ed,smd_2022_3B02,Ana Elizabeth Guzman,2022-08-05,2022-08-10,Filed Signatures
9f733869fcafbac181be783cb5815dee7f4e7e175cdf93e6931c1350,smd_2022_3B03,Melissa Lane,2022-07-26,2022-08-09,Filed Signatures
e75fa716e98f2d0b79b598565d3c1889444a083a0d516de2e6eb22e4,smd_2022_3B05,Gupi Howie,2022-08-04,2022-08-09,Filed Signatures
ae6d7bb1f1dc9abdd542a4ef3329e6a5241734160470ae1bb7bdc40f,smd_2022_3B06,Ben Bergmann,2022-07-22,2022-08-10,Filed Signatures
2d72394d8de0477b7ff6ad217cc8f5c059a61df24853b35734ff584d,smd_2022_3C01,Hayden Gise,2022-07-25,2022-08-10,Filed Signatures
fedb692ae172a87edeff177ccf2c4890d1d123254500142aab079d6d,smd_2022_3C02,Adam J. Prinzo,2022-07-21,2022-08-09,Filed Signatures
33cb6dced5825b87bcd46a21406a58c8c9820a0d223f161df6929e4f,smd_2022_3C02,Glenn Kellogg (Withdrew 9/5/22),2022-08-08,2022-08-10,Withdrew
267ee2c28e6dffe30017f337e05a0fe219994051ac54cc82d8707e0e,smd_2022_3C03,Janell Marie Pagats,2022-07-22,2022-08-05,Filed Signatures
8ca5bb269291ff3230bc87ee4877a22004851d556b6a9b5ac1122042,smd_2022_3C04,Roric Mccorristin,2022-08-08,2022-08-10,Filed Signatures
23727f65481fbd03510f707bc25ab1ffa4f519bec39a0b056b5d96c2,smd_2022_3C05,Nicholas Ide,2022-08-02,2022-08-10,Filed Signatures
258c83f1bb1a68cb87d470cb7d41c13004a4005fc764a98a6963448e,smd_2022_3C05,Sauleh Ahmad Siddiqui,2022-07-22,2022-08-08,Filed Signatures
46108b5d3816bc33dbcc2b485fb5b34df400eb43b6036f0fa12b5358,smd_2022_3C06,Tammy Gordon,2022-08-05,2022-08-10,Filed Signatures
973d5a408d4581fe329b7989416321a00c25e49027b6e4f99e038865,smd_2022_3C06,Justin Daniels,2022-08-05,2022-08-10,Filed Signatures
80eacd334c0a3c011ec57fae4ad46f4a50df16f3de1b9e8ad018c916,smd_2022_3C07,Gawain Kripke,2022-07-21,2022-08-09,Filed Signatures
fd24d5224039de7eecf73524b50b9ff0edfed3e18be0de11871616ea,smd_2022_3C07,Warren Gorlick,2022-08-04,2022-08-09,Filed Signatures
5b21bb9c98b7e70300466d5f2697e43301fa8f50ba053b8df70de5f7,smd_2022_3C08,Rick Nash,2022-08-10,2022-08-10,Filed Signatures
fb2a4d33a221bce26b840d77cf12ee0a184caaf7bd13bd30a22865a8,smd_2022_3C08,Keith Mantel,2022-07-21,2022-08-05,Filed Signatures
2c2b129bd874c75b4bd028397147bb20a1d582b7a03bce779b963807,smd_2022_3D01,Chuck Elkins,2022-07-20,2022-08-08,Filed Signatures
56bcf726cb01f30aa214d99dcf036e235510eb5dabbf845cf419b746,smd_2022_3D02,Tricia Duncan,2022-07-27,2022-08-08,Filed Signatures
eaf2cff8099274a4b9828d1b86a11c7a2e344bb8831a2c27a2acfd7b,smd_2022_3D03,Quentin Col√Ìn Roosevelt,2022-07-20,2022-08-09,Filed Signatures
7c9af1ab6564c8cc37781c6ad3ddff1aea573f62ec3dc4d07a46b15d,smd_2022_3D03,Paige Ela (Withdrew 9/2/22),2022-08-08,2022-08-10,Withdrew
f0002372cbf1f3db5a4ee0bcb4db1ae8823be52ee100db07a0438d82,smd_2022_3D04,Jeremy Joseph,2022-07-27,2022-08-08,Filed Signatures
259254ee26a2a1d6be942b9c0880dd29bf14decf8ca870f65d31714f,smd_2022_3D05,Bernie Horn,2022-07-29,2022-08-02,Filed Signatures
1f43a71600be3a51c560afeb0f5b1225b1a6520559909da510dc0b82,smd_2022_3D05,Christopher J Rosier,2022-08-05,2022-08-09,Filed Signatures
3085df4f9e572df1da6761bd7c6c7857387affbabb928b663a3c0a25,smd_2022_3D06,Marilyn Nowalk,2022-07-27,2022-08-10,Filed Signatures
a00c6ebb54f8cca4e5561049b05f89fd54a08b7aea3497f7730be887,smd_2022_3D07,J. P. Szymkowicz,2022-07-25,2022-08-01,Filed Signatures
39cd1acc882021f0be2f7476dfb7eeb16d224a69009133626c846cfa,smd_2022_3E01,Matthew Cohen,2022-07-29,2022-08-10,Filed Signatures
8bc4ae81c3ff14f711be4fbb528a7cb0cf4acf6b62ab18b5bc11cc99,smd_2022_3E02,Amy B Hall,2022-07-20,2022-08-02,Filed Signatures
8713cb5f42d7648a549f5de486cd9556b47da73bd8b28948034eda15,smd_2022_3E03,Jonathan Bender,2022-07-26,2022-08-09,Filed Signatures
33662b917f5935964297e70ce3d8cdec6dcf4d978c2d8f0fe38c9bf0,smd_2022_3E04,Earle Douglass,2022-07-20,2022-08-09,Filed Signatures
73a66ad3c89a8c64405d8439b3114124d9c39656e3d531327c5dbd1e,smd_2022_3E04,Tom Quinn,2022-07-26,2022-08-09,Filed Signatures
573565f4e4905db8ff37401d21899a5a98a8ae88c7964d6babc50e17,smd_2022_3E05,Jeffrey Denny,2022-08-01,2022-08-09,Filed Signatures
b53220af0d770c30d75d50982d894da34402b62bbb4c1ac37d2cb89b,smd_2022_3E06,Alexandra Gianinno,2022-07-26,2022-08-08,Filed Signatures
14fdd0c1afa4e8f773be3639674d1e187862937f82baaa8da1239a26,smd_2022_3F01,Ryan Cudemus-Brunoli,2022-07-21,2022-08-01,Filed Signatures
1428a665e7ae1aceaa44d93cd9cab2089a337a920a4f7e885a3ca77e,smd_2022_3F02,Kathy Hudson,2022-07-25,2022-08-04,Filed Signatures
d6a411cf7874034f31b3084c5ea00f8ebc138749eaa2ae9eb6379bea,smd_2022_3F02,Teri Huet,2022-07-29,2022-08-10,Filed Signatures
4aafa685e5faccf40dd01df8559ffba3a31e7c8d43cb49d5ade9e540,smd_2022_3F03,Mitchell Baer,2022-07-22,2022-07-25,Filed Signatures
63a7afc81017bbaa602ba0b50ddacb11ef6dca24c46fad5935d4b0c4,smd_2022_3F04,Claudette David,2022-07-20,2022-08-10,Filed Signatures
ed7b3f51826d49136959476509153714f23444c9ff6d911d62cee6ad,smd_2022_3F05,James Tandaric,2022-07-22,2022-08-01,Filed Signatures
15176b905d28a76e683b86fcbcbca2cb7078895e96303b064299c6d5,smd_2022_3F05,Andrew Koval,2022-07-22,2022-08-08,Filed Signatures
7c0bb70f13d6432eeb8f349ea458306c4de1eba3d1bf7b688865df7c,smd_2022_3F06,Courtney Carlson,2022-08-08,2022-08-10,Filed Signatures
8879e88d53d374b0ccb25cbb72bc85e91dbb432cca82057a60c448ab,smd_2022_3F06,Bridget Schwartz,2022-08-04,2022-08-10,Filed Signatures
1dced55c7aa3bd2795bec13a8c97bc357b48c65c643f4064dc35a1c6,smd_2022_3F06,Rona Walters,2022-07-21,2022-07-25,Filed Signatures
f5ac4e86cc24d34a5632a8a9fc662c9b909713b1e7a924e97f0e877d,smd_2022_4A01,Neena Murphy Martin,2022-07-20,2022-08-05,Filed Signatures
cb65a96724ad7b0e156c83f95df6e97f8542b83cd5a6d1638bd6c3b0,smd_2022_4A01,Paula Y. Edwards,2022-08-09,2022-08-10,Filed Signatures
4c80d20bfaed9549ddd383c6a933113e3ee4fb24f7c78ae931fd39a2,smd_2022_4A02,Joan Hoyte,2022-07-28,2022-08-10,Filed Signatures
6a90e00af941f7d58c4386a7e3b1d23fb7935c46148659dac7c0b93d,smd_2022_4A02,Stacey Lincoln,2022-07-29,2022-08-05,Filed Signatures
c232916b06db1f545bbb8543541be5728d974d89f12029d79a564dd2,smd_2022_4A03,"Stephen A. ""Steve"" Whatley",2022-07-27,2022-08-08,Filed Signatures
b665a48bfb796f935d08a0b13172995e547714217a5485b3c413b900,smd_2022_4A04,Patience R. Singleton,2022-07-22,2022-08-10,Filed Signatures
614e28af716cd74a782cb33936b79b46dd510b0a09a2d9ac7b2d93ba,smd_2022_4A05,Jonathan La Broi,2022-08-04,2022-08-10,Filed Signatures
b8ca1360d559bfdfb7d9a7b4d46c0ff2015964d42fa6e06999702a7e,smd_2022_4A05,Kim Patterson,2022-07-20,2022-08-09,Filed Signatures
534143707f2c317bb91603475a897b2c32032c66d14e456576eee141,smd_2022_4A07,Carolyn Steptoe,2022-08-03,2022-08-08,Filed Signatures
57c67ed939be65a2bd04e8899215c8f29ff2b6184a096bbdc917171d,smd_2022_4B01,Maxine Davis (Withdrew 9/9/22),2022-07-28,2022-08-09,Withdrew
04678b2802af4e8b10b421b19845c13fda3e97865fa6c304f7dd16f1,smd_2022_4B01,T. Michelle Colson,2022-07-25,2022-08-10,Filed Signatures
7ce6feb0c166a18da980b64b7dffa1a71bdca84c58234110b02d8a00,smd_2022_4B02,Erin Palmer,2022-07-21,2022-08-10,Filed Signatures
945009a65cbe2b2e5b3284731f66294cdaecb9f691dd55315592a078,smd_2022_4B03,Zurick T. Smith,2022-07-22,2022-08-10,Filed Signatures
c6c25ea1bc7f7db9f8b58c46f299ee6b85d9e85f429c219279825e02,smd_2022_4B04,Evan Yeats,2022-07-21,2022-08-10,Filed Signatures
1c470e05a51e5751823f166457446e235d1e84711992ebf895d3ee66,smd_2022_4B05,Kevin Gilligan,2022-08-04,2022-08-09,Filed Signatures
44e3c8687cf93d3ac0d29622f7b976efd0085bd356b701fbcf0e876c,smd_2022_4B06,Tiffani Nichole Johnson,2022-07-21,2022-08-10,Filed Signatures
e38d1f91280a5169ba0c158e688a1a7a88195dac60d0e69408074ece,smd_2022_4B07,M'Bahlia Colson,2022-07-25,2022-07-29,Filed Signatures
59cc15946b5dc78ad6c91a5304ff8866f5ccd05b75cd94b644115da0,smd_2022_4B07,Michael Cohen,2022-08-09,2022-08-10,Filed Signatures
6e4de5570a2b0a9f344c8e87f252f1ae24fac3e758464cd47741ab80,smd_2022_4B08,Alison Brooks,2022-07-29,2022-08-08,Filed Signatures
0d653652bba7e18ed9b9d1651adfedd4c99029e43d32a14c539de320,smd_2022_4B09,Audrey Walker,2022-08-10,2022-08-10,Filed Signatures
fc0c2ae5d0ec3e1bc95ca5548789cb41f06256531df04735c5eebda5,smd_2022_4B10,Laroya A. Huff,2022-08-10,2022-08-10,Filed Signatures
724396a692d5d7d8b50b112dbf4599c85afd2f3194272acfb6dfe9ea,smd_2022_4B10,Stefan A. Nagey,2022-08-04,2022-08-10,Filed Signatures
0d86c74fe63f5c82abd6b0bac36296ee4d2b28fac472b2e67fc1a1fa,smd_2022_4C02,Antoine M. Kirby,2022-07-20,2022-08-08,Filed Signatures
63bbaa8c87147f9c52a470ca9266133f6f9fe80f22f687b956753a37,smd_2022_4C03,Thomas P. Defranco,2022-08-03,2022-08-08,Filed Signatures
0d827319e3a458adc887ec9b860f4e0680dd3a7d25b11ab95a25d7c0,smd_2022_4C04,Daniel Alexander,2022-08-05,2022-08-10,Filed Signatures
5b76058dc139d725edae8ccbcfe29e1b8d1be637e28a1e5e1246e2c2,smd_2022_4C05,Paul Johnson,2022-07-20,2022-08-09,Filed Signatures
412e57c75a4844c5c4f081a30ec7a7bff7a9be031b227db8d3581a9f,smd_2022_4C05,Brittany Kademian,2022-07-27,2022-08-08,Filed Signatures
97f12cdf4517e210c005eb4cf67e5ef7c9029e88d075c382f2746b3c,smd_2022_4C06,Karen Livingston,2022-07-22,2022-07-26,Filed Signatures
044338b436cb354aaa243735e9a84058a2faeb5d7d7ee386e5f30517,smd_2022_4C07,Matthew Bradfield,2022-07-20,2022-08-10,Filed Signatures
02fb9c46ad949122c925a4ad26e5ba457303b02a6b2998e280b319ae,smd_2022_4D01,Joy A. Pinkney,2022-07-25,2022-08-09,Filed Signatures
144cd32a7f009a75786430b6d66ef9bf1c27d4ba62b7de2a69de34fa,smd_2022_4D02,Kate Judson,2022-08-10,2022-08-10,Filed Signatures
28f7d64ad77923a06b1959dfe7dfb262f21b728f8b259c2e72ea09ff,smd_2022_4D03,Carson C. Lucarelli,2022-07-28,2022-08-10,Filed Signatures
ec5deab0b1f94f639894295afd7050fa3aadd14ad746a9801801f360,smd_2022_4D04,"Chrysanthe ""Cc"" Courniotes",2022-08-09,2022-08-10,Filed Signatures
3a45a9185b998027763a3548d41945e807e72e48cac9935e2ed0f6fc,smd_2022_4D05,Stephen Marencic Jr.,2022-08-03,2022-08-10,Filed Signatures
40aebdf32245f86d02e2e88555633cb4dce25e32b2b9189d4da5ffc5,smd_2022_4D05,Antonio A. Walker (Withdrew 9/6/22),2022-08-05,2022-08-08,Withdrew
ad9b3079ec432c0a21c46932862085ca31a3e80fd5cf71497c2a2412,smd_2022_4D06,Aman George,2022-08-05,2022-08-10,Filed Signatures
06d91675f4fa83f3477605b49c5099d4fc8a9013cead50fea8e0d4ec,smd_2022_4D07,J. Clark Weigel,2022-08-08,2022-08-10,Filed Signatures
4f81e28231df6c3e741d95c5091f5f8d61e1b16f54d0e78b03097c30,smd_2022_4D08,Anthony Pirrotti,2022-07-22,2022-08-09,Filed Signatures
14180124de07edef6b19c2963c5688512b560c131f0d822d7d12479d,smd_2022_4E01,Reginald Eugene Black Jr.,2022-07-20,2022-08-09,Filed Signatures
b1f60d69aa4019e2ce098693ad9232bc639d2febedb4998822fc5251,smd_2022_4E01,Vanessa Rubio,2022-08-01,2022-08-09,Filed Signatures
ad0581fd765d1458d7634f223cd58a373d5a53e9524a68a55c9b2798,smd_2022_4E02,Marlene Hunt Moss,2022-08-02,2022-08-10,Filed Signatures
e9a625e7d06776079f141560c8300812d0013843f5209cd512f56008,smd_2022_4E03,Maria Barry,2022-07-20,2022-07-21,Filed Signatures
c710af8f303b9bbec99f743145283c9ec5fecee9178551849addcabe,smd_2022_4E04,Randy Zmuda,2022-07-29,2022-08-10,Filed Signatures
80845f8d7ce9bb471c8d9a6a6052efe3d0b4a1f7075910a93acaf7a6,smd_2022_4E04,Carla Ferris,2022-08-05,2022-08-09,Filed Signatures
a76617917f48ec307347b3d4e59e0814fc398e44c6c7f2517be9a750,smd_2022_4E05,Ulysses E. Campbell,2022-07-29,2022-08-08,Filed Signatures
80e8cc926e98221c96da72a9e3a3d2112e9d267c6375d0b7d34a58f9,smd_2022_4E05,Peggy Pacy,2022-08-04,2022-08-05,Filed Signatures
f33bedf5936f9f3fe1f266ec27beedd142ab92073b19fc80df14b084,smd_2022_4E06,Pavan Ishwar Khoobchandani,2022-07-26,2022-08-09,Filed Signatures
31cce1d0a8548ab1dd6ec87b406736f9592c1598253cba0289d7cc26,smd_2022_5A01,Duvalier J. Malone,2022-08-02,2022-08-09,Filed Signatures
9fb837862c35ef04be6c4d10b4d4593f3904f0cae2f756f86010b410,smd_2022_5A02,Karlus Cozart,2022-07-22,2022-08-09,Filed Signatures
7c11e0672107f1b6303b7ae21fac7e9f1cf62686d5461138252d4686,smd_2022_5A03,Emily Singer Lucio,2022-08-04,2022-08-09,Filed Signatures
572df650e57eb9582d3d3bc85f874cb363e87901d6f2ed2c01683761,smd_2022_5A04,Diego Rojas,2022-07-26,2022-08-09,Filed Signatures
04bb1081f09aad2e9ab06f2a2a97cff7fa83341006963dfa49df5fa8,smd_2022_5A08,Gordon Fletcher,2022-08-05,2022-08-10,Filed Signatures
8c90f9d05f5c315edee1075855af0235910a89950b3026f162a8b6ca,smd_2022_5A08,Elaine Alston,2022-08-08,2022-08-10,Filed Signatures
c8bb52dec8d360e61591cf843093e6ffc273c4b5411a4fe33bb829db,smd_2022_5A09,Zachary Ammerman,2022-08-01,2022-08-08,Filed Signatures
b113c46f614aa0844ce92cb386a8c6353fdc5df405afbaf4e4029c22,smd_2022_5B01,Edward Borrego,2022-07-25,2022-08-04,Filed Signatures
d0f5fdfc09ef70976e68bef79f2a8fcec5c989e8740814ece719b0fe,smd_2022_5B02,Nandini Sen,2022-07-25,2022-07-29,Filed Signatures
fb01db4b3509b23eb6e2ccbac7fb300a230fc3a0343f4b39f8075558,smd_2022_5B03,Alicia Egolum,2022-08-02,2022-08-10,Filed Signatures
997f6c0776228eb4b4127e6347504df8a6c23ce7c88d0d18b5769a29,smd_2022_5B04,Ra Amin,2022-07-20,2022-08-10,Filed Signatures
ac297766983d196e52be7c35546e29a321efdc4d87bce5323cba5cdd,smd_2022_5B04,Rayseen Woodland,2022-07-20,2022-08-08,Filed Signatures
67b1a555e975e87e514e1b3e3b35f9a7efda35a5c00dcef0ca5f0be1,smd_2022_5B05,John Feeley,2022-07-29,2022-08-04,Filed Signatures
418a5a06a6c10caab77d9bfb3d57e0a0a7e7933c6f759045b4f1b459,smd_2022_5B05,Colleen Costello,2022-07-25,2022-08-10,Filed Signatures
b1340148c7c70f2a26e2a17321782408a679925e6f808d1b4cabafe3,smd_2022_5B06,"Sukhprita ""Prita"" Piekara",2022-07-28,2022-08-10,Filed Signatures
65e7d941fbdcff059f6e488f2b69c28b92e6851d908174c934f3870a,smd_2022_5B07,Gail A. Brevard,2022-07-22,2022-08-09,Filed Signatures
f940757eb1ef393a9c7f00ade29587bb845f562432af128e8acf5d19,smd_2022_5B07,Justine Perkowski,2022-08-05,2022-08-08,Filed Signatures
270bceb8c065d77aad09982ebe8cf16bc7ec45b6d7898661f9017409,smd_2022_5C01,Anthony Dale,2022-07-26,2022-08-10,Filed Signatures
04243311520885b9a55c762213471913123f8cf98488b672c28d5396,smd_2022_5C02,Lauren Rogers,2022-07-20,2022-08-09,Filed Signatures
3ef29975ee069c485ad20b45fe763fba2a6a7b979052f3dadb3d4588,smd_2022_5C03,Tequia Hicks Delgado,2022-08-08,2022-08-10,Filed Signatures
6aa433e73a0b98d903a1861fdd0dfe643f723ebf2ba2de44dc477b0f,smd_2022_5C04,Jacqueline Manning,2022-07-20,2022-08-05,Filed Signatures
142e3b4c7e02b8818e161cb1ece059f7deda2556502fa8dd0e56df84,smd_2022_5C04,Shawn Nelson,2022-07-26,2022-08-01,Filed Signatures
c75484b2d6b1b8e159ed70e0969aca26793e932309a803154e95c9ae,smd_2022_5C05,Darlene Oliver,2022-08-02,2022-08-10,Filed Signatures
19e6a9ff9283f2d05fe0e4785eb705d0a5675b1e1cf7d2f91a285b02,smd_2022_5C06,"Harry ""Tommy"" Thomas Jr.",2022-08-05,2022-08-10,Filed Signatures
e52462cf3bf9461efa76631a295920450a407fe8bbea12801d434a8f,smd_2022_5C07,Vj Kapur,2022-07-20,2022-07-27,Filed Signatures
5fd20365ba8786c5c5cd90058453b96eb04f741749518829adcb9206,smd_2022_5D01,Luc Saint-Genies (Withdrew 9/2/22),2022-07-20,2022-08-02,Withdrew
03de1372c0adce2b8eb414493208e7fcdfda4a628daea27a70e6e162,smd_2022_5D01,Rebecca Ryan,2022-08-04,2022-08-10,Filed Signatures
31dc34024945f4daf5fb80fe563e23617af46c20a1dc35de3cb257a6,smd_2022_5D02,J. Peter Loftus (Withdrew 9/2/22),2022-07-26,2022-08-09,Withdrew
21aa7361e56a21fdd2ce2893c6b82835a930c038f7c5206e88a7c846,smd_2022_5D02,Sebrena L. Rhodes,2022-08-04,2022-08-10,Filed Signatures
17ffeb9b6db0f01a7c608e01c630398e3e3a0a4886c5554209d9679b,smd_2022_5D03,Anna Roblin,2022-08-01,2022-08-10,Filed Signatures
384ce8299e748c196299b4044733c8df91fddf7a0bd637c98420b2f7,smd_2022_5D04,Stephen Cobb,2022-07-20,2022-08-09,Filed Signatures
34685c5c49315bbe2d24cda257eb8da53fba75741e183c5dda265134,smd_2022_5D05,"Salvador ""The Commissioner"" Sauceda-Guzman",2022-07-21,2022-08-10,Filed Signatures
9c114f4bf9e8b4dae95428034e012714ce70f41a1bf780e0eb6bbfeb,smd_2022_5D06,Kathy Henderson,2022-08-05,2022-08-10,Filed Signatures
fe515c7b0c612f0695ff4d9633fac44ad0e5c0e0e1bd7147be9db1da,smd_2022_5D06,Carrie Dellesky,2022-08-09,2022-08-10,Filed Signatures
c0bb88956550b6fb27223e618d2d22cd0b51a0d423c892edc3fafa39,smd_2022_5D07,Juan Mccullum,2022-08-09,2022-08-10,Filed Signatures
b6649c870e512bd14595805e462b8f6f19ebcb7b6bdce32271ec5aef,smd_2022_5E01,Joyce (Statehood) Robinson-Paul,2022-07-28,2022-08-09,Filed Signatures
aedd89c7465e1f6d363d6810d6bc8832c310d3895ea10ab6d068faff,smd_2022_5E02,Karla M. Lewis,2022-07-25,2022-07-27,Filed Signatures
dbee180588a458c5112d0bd0930a78426e2966e99b3293f8fe6e2dab,smd_2022_5E02,Nicole Mcentee,2022-07-26,2022-08-08,Filed Signatures
850058670dfd3c8f14acf9b1d29be1535f029f54a09be8944f649034,smd_2022_5E03,"Fred ""Phil"" Carver",2022-07-27,2022-08-08,Filed Signatures
dbe1852acb4ac17a64d8220ac297ec10e06882848cca8c33e4bf15f5,smd_2022_5E04,Huma Imtiaz,2022-07-29,2022-08-05,Filed Signatures
166fae9b4c75d807bdd2ad20192938daa60e30ec8bfcd5ffc255ca64,smd_2022_5E04,Bertha Holliday,2022-08-05,2022-08-10,Filed Signatures
a5eada6155dadb4508c52830b3b2f97fe6ef1904474b999ee2be0aa9,smd_2022_5E05,Kevin Rapp,2022-08-05,2022-08-10,Filed Signatures
20052e6ab0b063db4740c9fc1c9c24c86b737dc42b9111c987d09e74,smd_2022_5E06,Kirby Vining,2022-07-20,2022-07-26,Filed Signatures
81726d37b082e0958301854b3bf17f2e53f60e5dcf6ac325b83acb23,smd_2022_5F01,Tony Hurst,2022-08-09,2022-08-10,Filed Signatures
33fdecf38740bb79614ad0c61e55fed9bda7a4bcc5ff3fc815a2a0db,smd_2022_5F02,Aru Sahni,2022-08-04,2022-08-10,Filed Signatures
5f045b5dd308e6219e5f01c0f28fcc1f30243252112499908327aa04,smd_2022_5F03,Patricia Williams,2022-07-28,2022-08-02,Filed Signatures
ee8c5a36a9664d5131c4a55ed017529b13f451b888d5ef9f615f4db9,smd_2022_5F04,Mark Galvan,2022-08-04,2022-08-09,Filed Signatures
fedabf680765944d707490c1adf06bd5f34578beb6c1c918b74175b0,smd_2022_5F04,Daniel Vega,2022-08-05,2022-08-10,Filed Signatures
fa37bfd85621b003c06a56aa8d4d3c1bb8aa62cacae2a8eec99dab9d,smd_2022_5F05,Jennifer Anderson,2022-08-04,2022-08-09,Filed Signatures
a30456f51506e38adcad2135038b7f26fa987d61e646d8e6b00e7663,smd_2022_5F05,Mary L. Farmer-Allen,2022-08-03,2022-08-09,Filed Signatures
5ae67c6b194516fbfce94f0f5b5ec9aed63410812cee969d223388da,smd_2022_5F06,Joe Bishop-Henchman,2022-08-05,2022-08-10,Filed Signatures
43f33657fb68f09781297472af5e5e707a0d100b0b5e825d5900fb7b,smd_2022_5F07,Sylvia M. Pinkney,2022-07-20,2022-08-08,Filed Signatures
0435a563d185de2bb3dd23985170ff5dad1e4c1da486de153055d314,smd_2022_5F07,Michele Keegan,2022-08-08,2022-08-09,Filed Signatures
7c0ba9d2c6097f1cc87672229429924703a166db2256e5178e454c29,smd_2022_6A01,Keya Chatterjee,2022-07-20,2022-08-08,Filed Signatures
de62fb5706b8979c748fa0ce8448c51611b848600f1905883e133c40,smd_2022_6A01,Christina Goodlander,2022-08-08,2022-08-10,Filed Signatures
d43bdb547c1f8ff6cfca394b3680816b27e413f61a5b7d1c989f3fb3,smd_2022_6A02,Mike Velasquez,2022-07-20,2022-07-26,Filed Signatures
eb42647b77bb88b750ffd60f3b7aa336b65653d69e83df6e9e123e23,smd_2022_6A03,"Nicole ""Nikki"" Delcasale",2022-07-25,2022-08-10,Filed Signatures
29a88149652ecd3a384e3deae96e9464f477874d410cacfd0e6b4adf,smd_2022_6A03,Roberta Shapiro,2022-07-20,2022-08-01,Filed Signatures
baa62325fecc222e45a3a33e458112e8be2ca31d7f7364603e6dc8e4,smd_2022_6A04,Amber Gove,2022-07-20,2022-08-05,Filed Signatures
228746de1a248db1d65fa00889143f87d098f2f8f2e291b223d7bd5d,smd_2022_6A04,Alexandra Kelly,2022-08-01,2022-08-04,Filed Signatures
2f5a9ea4e73a282b221e5c7e065740c05a8092a25ec3bf7f84c34309,smd_2022_6A05,Laura L Gentile,2022-07-20,2022-08-08,Filed Signatures
e5a5f2872873a5cd093c1f8257be6e54b09790cc6f382b8cd7dfbdd3,smd_2022_6A06,Robb Dooling,2022-07-25,2022-08-09,Filed Signatures
8efd2d35ccfd78c2ea2f0d3d6f12374330e37d1e3ba4bcc10bfed8d2,smd_2022_6A07,Stephen Moilanen,2022-08-02,2022-08-09,Filed Signatures
75f2b3e4c27a6b930baec66042b8071fd85ae33202b84f8cd0c317a5,smd_2022_6B01,Frank Avery,2022-07-25,2022-08-04,Filed Signatures
0f81e6b928f17a3164d2add7b499620aad2d8b8f31ec9d4914a76621,smd_2022_6B02,"Gerald ""Jerry"" Sroufe",2022-07-20,2022-07-27,Filed Signatures
f20ee9d079f046921771cb31529cd18bc8935ac6ffbbaf7a5af41f5c,smd_2022_6B03,David Sobelsohn,2022-07-22,2022-08-09,Filed Signatures
271d9f8a9265cc52fe711f234ca134927692b8c4aeca59c8be0ba947,smd_2022_6B04,"Francis ""Frank"" D'Andrea",2022-07-25,2022-08-01,Filed Signatures
e8e1397bd8612d8f8386d561a4ef1d04d6dd342b4710311abf204bdb,smd_2022_6B05,Kasie Durkit,2022-08-05,2022-08-10,Filed Signatures
fc9f5bf07296269d218cce52df37e050e0a0e97cdc3ad2fe12caaf3b,smd_2022_6B06,Chander Jayaraman,2022-07-21,2022-08-10,Filed Signatures
626e8277761ffaddb56c48c1f386fd675ff08ff25aec24591a45d3ba,smd_2022_6B07,Vince Mareino,2022-07-25,2022-07-26,Filed Signatures
2309fb27d670240a96525c60bccd7e1d9189484f949597208d7c5c96,smd_2022_6B08,Edward Ryder,2022-07-22,2022-08-02,Filed Signatures
02c21d554ada077db29576f8c6846dae7b397d429fc74e87b161481f,smd_2022_6B09,Matt Lafortune,2022-07-20,2022-08-02,Filed Signatures
86a6d50dbe52d3ffe621b0631653e210411e099b06a3612c307b3053,smd_2022_6C01,Lauren Kuritz,2022-08-02,2022-08-09,Filed Signatures
eb1f0877f849e87b3d363b2491ceb3f3629fc43d27acdedd30730f29,smd_2022_6C01,Christy Kwan,2022-07-22,2022-07-29,Filed Signatures
bb885b61019cbd6824af646dfd59a931b37272b4865d0df4dcdbe3b9,smd_2022_6C02,Leslie Merkle,2022-07-20,2022-08-09,Filed Signatures
22dc302d833a166e53f50f68578d63eeeb992cebf5c85f5b597714ea,smd_2022_6C03,Jay Adelstein,2022-07-20,2022-07-25,Filed Signatures
89b2811b5b01fd148fe53d6c14ae333e1cf03e014f8971742f26099d,smd_2022_6C04,Mark Eckenwiler,2022-07-20,2022-08-04,Filed Signatures
5d2e84580841305f25ff288f0b3544c0ac61c7932e846e4cda51d527,smd_2022_6C05,Joel Kelty,2022-07-20,2022-08-09,Filed Signatures
2747b9e289b06119a4cbc8dbf15d5b769684233500f618817b669eef,smd_2022_6C06,Patricia Eguino,2022-07-20,2022-07-29,Filed Signatures
af542eadaa41c25e7b6c92c9fa35918da6466aee4e1c90f93c149b9b,smd_2022_6C07,Tony T Goodman,2022-08-02,2022-08-09,Filed Signatures
d949a12680cf7d402478bffbb8e8e4e57462047696308e6f1b9666b8,smd_2022_6D01,Bob Link,2022-07-29,2022-08-04,Filed Signatures
49cdbf9f20f82f8cc25812c8368810cc3ca1afd7c75074ead45e6e5a,smd_2022_6D02,Ronald Collins,2022-08-04,2022-08-10,Filed Signatures
aafad0b60eda51c709805ba614322a71d494014ee908d9fd8684cff2,smd_2022_6D02,Tom Seidman,2022-07-21,2022-08-01,Filed Signatures
ac2cf6da5a33ae20f9f93dddaf0b64ed65b5e8abe32a4a2d44634ae7,smd_2022_6D03,Gail Fast,2022-07-20,2022-07-26,Filed Signatures
979587133aae444c3b633df8a9b2dfd226fbc9cf8e729f5cc8d6f35e,smd_2022_6D05,Ashton Rohmer,2022-07-22,2022-08-10,Filed Signatures
569fe91b0f80bb45e54f62c4cb67ae89b229df4eaa833f84aedb462d,smd_2022_6D06,Bruce Levine,2022-08-04,2022-08-09,Filed Signatures
a1139682171cae74d102eeda34dd1afd922fe7ea2daf8dc215f0a180,smd_2022_6D07,"Fredrica ""Rikki"" Kramer",2022-07-20,2022-08-08,Filed Signatures
11108c853031a8c8c64a716d59dc878ac589ba5988156ff13ea00d09,smd_2022_6D08,Rhonda Natalie Hamilton,2022-07-26,2022-08-09,Filed Signatures
9f5b1047d07edbc767285fdb297ddd3cde279e757bd50bd8929b068c,smd_2022_6E01,Chris Hart,2022-07-22,2022-08-03,Filed Signatures
206944e37fb55c48134c37f3c6cf67d630be0b18278eb564539e2197,smd_2022_6E03,Kevin M. Rogers,2022-07-20,2022-07-26,Filed Signatures
98a6a407bc50cbc67860f0d06a49ce60d207123ea3df843dba16352a,smd_2022_6E04,Denise E. Blackson,2022-07-29,2022-08-10,Filed Signatures
e555947d6ad392e35e06ddc48a14de57be119b096b2df9d00ec5d7f6,smd_2022_6E08,Misu Tasnim,2022-08-03,2022-08-05,Filed Signatures
c30c8c501a74543fcd104a200f316174483dcd8d5f572b6cd1a0da83,smd_2022_7B01,John F. Adams,2022-08-01,2022-08-08,Filed Signatures
4056dde66782d145930350c1a5860ead4267eab4da5b31b55ef27fa6,smd_2022_7B02,Jamaal Maurice Pearsall,2022-07-29,2022-08-09,Filed Signatures
af88cbca46477dc3054ca578b9fc6156306bf27e4b2eda5f164a5d85,smd_2022_7B03,Travis R. Swanson,2022-07-20,2022-07-27,Filed Signatures
815104a9ab9e3de96aed4169df0d96d13ebeb0f47924f3cc5f7e17d7,smd_2022_7B04,D. L. Humphrey,2022-08-01,2022-08-10,Filed Signatures
d83758747f4f5b853bf5d1d597c87fa3a9d654e3c132e74611ed5a86,smd_2022_7B04,"David ""Dr"" Retland",2022-07-28,2022-08-08,Filed Signatures
81bd5f786a8dc06fc69e9ba91df0e706d1ff183e989d4875587c2839,smd_2022_7B05,Donna Robinson,2022-08-03,2022-08-10,Filed Signatures
844af0872c630eb75b477711e1a1a762b286aaebb12d6ccd622ff667,smd_2022_7B06,Kelvin Earl Brown,2022-07-22,2022-08-10,Filed Signatures
dd002c16869dbda98f4c26ee5e64a8d2082b2b4316513130bd42fea5,smd_2022_7B09,Racquel Codling,2022-08-09,2022-08-10,Filed Signatures
9d2f932a2e038fc61f520735e1b303ed7b5807a7478768a25c7670be,smd_2022_7B09,Pauline B. Scott,2022-08-03,2022-08-08,Filed Signatures
659ba85689b42b5a4966e580b58f6e87b12862c018411335a5c88452,smd_2022_7B09,Michelle Hammond,2022-07-20,2022-08-10,Filed Signatures
d4206c00acffeb2ca0d28aa1316d3fc4e5f1dda94ff5bcd60a381069,smd_2022_7C01,Brian A. Glover,2022-08-08,2022-08-09,Filed Signatures
83f94487893ab42353d33a759254a17124106f1c9a3e14fe72246503,smd_2022_7C02,Patricia Williams,2022-08-04,2022-08-10,Filed Signatures
cca02dff0ab960320376773aba8e11d8071161aecbf4abd14b971ca6,smd_2022_7C04,Anthony Lorenzo Green,2022-07-20,2022-08-09,Filed Signatures
6cda0a2f72a1205c4ae2c47ef0565536d90fbecbfa9bff3848dc36b8,smd_2022_7C04,Julie Levy (Withdrew 8/22/22),2022-07-26,2022-08-03,Withdrew
1004c264e49d4f500f9800edef7c8462df6ba610027caf06965ae90b,smd_2022_7C05,Shirley A. Boykins,2022-07-28,2022-08-09,Filed Signatures
14aa7fc52dfb6f9eb240f672185585e9fc01616fb909030788a9b9d9,smd_2022_7C05,Mary L. Gaffney,2022-07-25,2022-08-10,Filed Signatures
f0f70128a59d174e1b48c2ec7ecbfa9a124ffd611df981a0db393d19,smd_2022_7C05,Malik M. Lloyd,2022-08-04,2022-08-09,Filed Signatures
77e07faaec0c28e56e4167bfdffd4b2e5281e36c529885cc0d4f9108,smd_2022_7C06,Patricia Stamper (Withdrew 9/1/22),2022-07-20,2022-08-01,Withdrew
eb59525e47308fd9ffd1c0d17126eae73c1bb509a93fe8356bd9cbd5,smd_2022_7C07,Dorothy Douglas,2022-07-22,2022-08-09,Filed Signatures
71b53b380630ddf2508889300cabccc3f850c3ad7e75175289f9c00a,smd_2022_7C07,Antawan Holmes,2022-07-20,2022-07-26,Filed Signatures
9b810aaf102f03091377c7a6781c6168960aaaef7e3563d750d720b8,smd_2022_7C08,Kimberly Martin,2022-07-26,2022-07-28,Filed Signatures
19f5f16ba6392eb59d70c1d743f16ddb62c35af4dd4c7aab707601d5,smd_2022_7C08,David Ford,2022-08-04,2022-08-09,Filed Signatures
bf5002b78106827c1435abf60485b5d3d21edaf487205dca640faaa0,smd_2022_7C09,Carrie N. Brown,2022-08-01,2022-08-09,Filed Signatures
82296f9a9da4b3876ad137dfc3259c4307a5b3d03c7992c31d9d2e0e,smd_2022_7C09,Venola Rolle,2022-07-20,2022-08-08,Filed Signatures
3716d4f58c75ba5a2444811755ce85c27fd34d46e2302adc2cc3af3c,smd_2022_7D01,Siraaj Hasan,2022-08-10,2022-08-10,Filed Signatures
1bdda976ba08dc7cec94209360f0b69210b31b99f6954c18378112fe,smd_2022_7D04,Milton Hardy,2022-08-04,2022-08-08,Filed Signatures
a85f4e3e4ed3835c88b19cfde64496cc2ac58a6d9313eea0e66f30c7,smd_2022_7D05,Ebony Payne,2022-07-20,2022-08-02,Filed Signatures
f23e4bba216572c51c5fbc885e7dde9e3860b3ec657d4f594877f788,smd_2022_7D06,Marc Friend,2022-07-21,2022-08-01,Filed Signatures
0f4010ae2f898c059d56bb70af69a46d29ad9f58e31a59c7c576f455,smd_2022_7D08,Brian Alcorn,2022-07-21,2022-08-05,Filed Signatures
4e588b3137fb3235a46ef2c013f49b82ee54dcf777cbc9b3f3d6864c,smd_2022_7D09,Ashley Schapitl,2022-07-20,2022-08-10,Filed Signatures
72a04fa2e38459defa28116ca4b0b3aab267e45d60b79cbea1d61e76,smd_2022_7D09,Shane Seger,2022-07-20,2022-08-08,Filed Signatures
5793d261f3a4dcbb4b9a6c3888c1a3b0d513cfe569047bbf4d9fe44c,smd_2022_7D10,Alison Horn,2022-07-20,2022-08-03,Filed Signatures
067c12ee1714de5f02506aa23fc4e9f779695582c7120dfcabc26b1d,smd_2022_7E03,Beverly F. Smith,2022-08-10,2022-08-10,Filed Signatures
5322194826be79d195ab489478b42dd9cd2f204113bd0fb51c6673a5,smd_2022_7E04,Natasha Dupee,2022-07-26,2022-08-09,Filed Signatures
b8b1257e873c1b4d8bfc236f4d4dcacda4f3ef82c24a741f157c9ca3,smd_2022_7E06,Delia Houseal,2022-08-08,2022-08-10,Filed Signatures
c001dcb79799b6b4453779fcc6f809587b9aa9fd8bbcb5316297269b,smd_2022_7F01,Tyrell M. Holcomb,2022-07-20,2022-08-08,Filed Signatures
507e94733ebef9d46d840bb0ea1d1f5d3689c92a9b3503998e324294,smd_2022_7F02,Zewdi Alem,2022-07-22,2022-08-10,Filed Signatures
4000da7d7e0d1d27b356c7ffc3f1dd20682d37b54dfe87be8a3b3c62,smd_2022_7F02,Obbie English,2022-07-20,2022-08-08,Filed Signatures
02cd17604d81373032a42689df71117eee820942252b50f3f6154550,smd_2022_7F02,Ashley Renee Ruff,2022-07-26,2022-07-29,Filed Signatures
226d27ad52155ce4870adc325450f659508c113f94c08410250ddc8f,smd_2022_7F03,Kimory Kso Orendoff,2022-08-04,2022-08-10,Filed Signatures
b53e4a61299cc94dba64051b3c093a844e6c50e465cf9ce281b24e55,smd_2022_7F05,Brittany N. Hughes,2022-08-02,2022-08-10,Filed Signatures
1244488ad552a3af3343f8549780dd5b8bebeebfb60c412bda12c4b2,smd_2022_7F05,Clyde Darren Thompson,2022-07-20,2022-08-03,Filed Signatures
cf850fbcae94cd09fe75841e856cac44effb5f05ead4336bb968839d,smd_2022_7F07,Beatrice (Bebe) Evans,2022-07-20,2022-08-08,Filed Signatures
7dd1dae79e14dfd3dc0f740bc5c20b18977f3c36c95c50e73a60d036,smd_2022_7F07,Dev Myers,2022-07-20,2022-08-10,Filed Signatures
18826c65515fe7fd269c41df3b3b2f2f6615845703e91c3b38ba9b14,smd_2022_7F07,Shirley Thompson-Wright,2022-07-20,2022-07-22,Filed Signatures
7d505cc7b7138b3a61ec093d5d111bf3f42890cef0fc35553d1d0c71,smd_2022_8A01,"Tonya ""Ms. Tonya"" Crawford",2022-07-21,2022-07-27,Filed Signatures
4ded6977223b96ff6c8e75692490efdb4aa5f05719a9fe4dc1d05c5a,smd_2022_8A02,Mohamed K. Azab,2022-07-21,2022-08-09,Filed Signatures
931d56bd47d04f1732e6d10322b742d1d987ec975f6c60fd10efd113,smd_2022_8A02,Elizabeth Carter,2022-07-21,2022-08-10,Filed Signatures
b6b55953e7a724171fcb804decdb2b8864f98badf681d52d3bfa4959,smd_2022_8A02,Barbara J. Clark,2022-07-28,2022-08-08,Filed Signatures
a65a431523a9d277cc528f3ac9b15fa62acd6c52a67f52987179c7ea,smd_2022_8A03,Holly Muhammad,2022-07-29,2022-08-09,Filed Signatures
964c895f20326871b61836bcff48f4744df76527b91cfca04e3e07f0,smd_2022_8A03,"Bobby ""Slli'M"" Williams",2022-07-27,2022-08-09,Filed Signatures
2ece6739bf7fcd36adec37d2cb6a858c4747d1c5755177c537dd606d,smd_2022_8A04,Laneice Moore,2022-08-04,2022-08-10,Filed Signatures
55faff2b1c42217891569b1d77eceea25a2d0b4190da1fe8425fc1b7,smd_2022_8A04,Moses Smith,2022-08-04,2022-08-10,Filed Signatures
ebc1bdd7a1885a2fc8acf37584d523521e27fd91e29014ed31a39bc6,smd_2022_8A05,Jamila White,2022-07-20,2022-08-10,Filed Signatures
a477318cb4cd5f3335ff4dc84db1b7ae1c5fa1ba5dcb98ef6ef1b8e7,smd_2022_8A06,Robin Mckinney,2022-07-20,2022-08-02,Filed Signatures
f8ddde8a79588d41b1798653b6856087e8327bcfa5aaea2db9d9c52f,smd_2022_8B01,Takema Keyes,2022-07-20,2022-08-02,Filed Signatures
485e833579b6848c6d17e39e21a6c29bf6a578ff7bc35bbe792ef876,smd_2022_8B01,Khadijah Watson,2022-07-28,2022-08-10,Filed Signatures
2b609d4159316d20e2fce9e4aa9c67db31ffe55548079b449ce63f0d,smd_2022_8B02,Paul Trantham,2022-07-27,2022-08-08,Filed Signatures
fbba2c7922eee5cd7e69ea0a8a80d8480030d99b59571d91d410b7eb,smd_2022_8B04,Kimberly Little,2022-07-26,2022-07-27,Filed Signatures
f2fe703213579be4f91205f5f6a16e3fd0d8446bc2bbb8442f240ca2,smd_2022_8B04,Kevin B. Coleman,2022-07-26,2022-08-10,Filed Signatures
45471d0129c74e5590bb5640d3df6857fdbaf3facf475816122bae9b,smd_2022_8B05,Joseph Johnson,2022-07-20,2022-08-10,Filed Signatures
7fd404e027e31d894e2feb17316fee62b2dad20987c9e3c4ee820ca9,smd_2022_8B06,Alyce Mcfarland,2022-08-03,2022-08-10,Filed Signatures
499f788b50cc08be9b777123e44c8acb0a98cbcfa9160a1daccfcc23,smd_2022_8B06,George Reid,2022-08-04,2022-08-10,Filed Signatures
c382d3f7933757e1a5564d1e667a8a4e9ea346820ba4c11731308c72,smd_2022_8C01,Georgette Joy Johnson,2022-07-20,2022-08-01,Filed Signatures
933d9e569e947f4392e819227fc3f82e58a4c8a15b40f2fad5eee3c2,smd_2022_8C01,Victoria Akinseye (Withdrew 9/2/22),2022-07-20,2022-08-09,Withdrew
b7bd37a4f641174a84914b1df8815e4dccb8fd4cff95ef8b12f37bc4,smd_2022_8C02,Joyce M. Doyle,2022-08-04,2022-08-09,Filed Signatures
82bac16f35f03356b90090cdd62f45525d94388909f2ac05624dceb9,smd_2022_8C02,Kwasi Seitu,2022-07-22,2022-08-10,Filed Signatures
bb9d1bdd5bc39d1dd706b4846ca54c7df128b162a0f8bda8b4cd91a8,smd_2022_8C02,"Myeasha ""My Ty"" Smith",2022-07-26,2022-08-10,Filed Signatures
893525794176aa2dc4aa8493a7621149dd138a4d7c8e3317a070ec98,smd_2022_8C03,Dascha Cleckley,2022-07-22,2022-08-10,Filed Signatures
3caa70c2b0e874793e0acf487c794c26e271ed0f50cf675d08415965,smd_2022_8C03,Rufaro Jenkins,2022-07-28,2022-08-10,Filed Signatures
10c691cdefefcd95957cc3874d1d0a5bebc6bde8c0c3bb8d277a62d6,smd_2022_8C04,"Lenwood ""Lenny"" Johnson",2022-08-03,2022-08-10,Filed Signatures
f5490645265e9a37e4c4310fae753f4a95ff17bead79fe40802ec3ab,smd_2022_8C04,"Erica ""Go"" Green",2022-07-21,2022-08-10,Filed Signatures
b3367e7bc5cb489b228bb9fed702777337a54c85e08c5986c1ffe881,smd_2022_8C05,Cheryl Moore,2022-07-20,2022-08-05,Filed Signatures
c8d7361c5e2dd2542ab57a77f5b6085177dddb87f69fc240688b9600,smd_2022_8C05,Anthony Adc Muhammad,2022-07-26,2022-08-02,Filed Signatures
de5b6c42a0f8086d0f93ffc6ce0fc9c8c7860ba2d9b242bbc4ea6baf,smd_2022_8C05,Allyson Carpenter,2022-08-05,2022-08-10,Filed Signatures
e8fccb16a38bb4727e4e2ebbaf732f43fb229dc351948a5610c84012,smd_2022_8C06,Markus Batchelor,2022-07-20,2022-08-10,Filed Signatures
271e7779fd5e543f110a6520504a82be9d931d7737505c9d992115de,smd_2022_8C06,Betty Murray,2022-08-03,2022-08-10,Filed Signatures
90dcba1a4ff9ab39d8786f5561c7b55b53724b855feb5982e3495d2c,smd_2022_8C06,"Robbie ""The Advocate"" Woodland",2022-07-22,2022-08-10,Filed Signatures
97fa8caf93dd58dd4dac9fb7513b4bb881c654aa0be361153b2bcbc2,smd_2022_8C07,Salim Adofo,2022-07-20,2022-08-09,Filed Signatures
9beb3ba2f19e000472686ddfb8c8cd600ca491b0bb3e1cce004f84f7,smd_2022_8C08,Amanda Beale,2022-07-28,2022-08-10,Filed Signatures
ac536932f38462d4991a2137718ad91ae9a573fefe6ec6d40ca6cfa4,smd_2022_8C08,Jacob C. Brown,2022-08-09,2022-08-10,Filed Signatures
0008c0d565f6c4a323476b3c6069bce4f2381226dab8b6008f2b8f31,smd_2022_8D05,Monique T. Diop,2022-08-05,2022-08-10,Filed Signatures
8e228bf163d608ab2740762f2d82f6b5c4a54869979939df61f6b2f6,smd_2022_8D05,Travon Ward 8 Hawkins,2022-08-03,2022-08-10,Filed Signatures
5d3de478d6b95e31125f6e96dc909e8aa2a615c103174cf0d4435cc3,smd_2022_8D06,Maria Johnson,2022-08-01,2022-08-08,Filed Signatures
6331cdd90969e1238f6f2e60a13b21cbbf71a32ed628b406b43cf456,smd_2022_8D06,"Wendy ""Hope Dealer"" Hamilton",2022-07-20,2022-07-28,Filed Signatures
a23a6fb8c318b3e02566771d82703133d103c1a6dcd220dc4cc65ae7,smd_2022_8D08,Lakiah Williams,2022-07-20,2022-08-09,Filed Signatures
01a67298f5396ba7ae37fbf3d5cdbdcb1e2cfbfadd0d10a1079fe55c,smd_2022_8D08,Melody Moore,2022-07-20,2022-08-10,Filed Signatures
e1cf74ea76af15acc243e7498949636793c1354e4dfa10dc1e2d370b,smd_2022_8D08,Deloris Walker,2022-08-05,2022-08-10,Filed Signatures
47c09857a695e2cb6c6dbd2bf56647ccb101b063ec3eec66a96bf580,smd_2022_8E01,Lacey Cleckley,2022-07-25,2022-08-10,Filed Signatures
fc8bc245d6f7aa668ff6ec34e7026dd1ad0d08091dd64612531b1533,smd_2022_8E01,Deborah Wells,2022-07-21,2022-08-08,Filed Signatures
d8c33f546a419a2d93cdad6d1f11e4db0cc5874234056f4f12df21b9,smd_2022_8E02,Laqueda Tate,2022-07-25,2022-08-10,Filed Signatures
cbd6f16daafe244eee7f6375efc16c36c5123225790e79c689d4e5c4,smd_2022_8E03,Kelly Mikel Williams,2022-08-01,2022-08-10,Filed Signatures
fcc4225b30739977554fee8904007ae4b891de25b2a70eb125fe7d35,smd_2022_8E03,"Shekita ""Kiki"" Mcbroom",2022-08-08,2022-08-10,Filed Signatures
55660336ff5dda663adb9dbc44ea52f72568ba1371fea96398fb13e8,smd_2022_8E04,Veronica Adams,2022-07-25,2022-08-10,Filed Signatures
3f4ae700a624fce47686a2614e42451deff3ff094239b39f1aae0fb5,smd_2022_8E04,Shaquan Hudson,2022-07-26,2022-08-10,Filed Signatures
8f890aab138068f0f90757878bb17aa48f52ca6360d2587d9e25cf74,smd_2022_8E04,Kendall (The Voice) Simmons,2022-08-10,2022-08-10,Filed Signatures
1effd78c3ec2d8d3d65fc20330cf612be35b72b170493bbb7ccc5206,smd_2022_8E05,Duane A. Moody,2022-07-25,2022-08-09,Filed Signatures
2348d1d2902f763b353bb2ce6579ab15aef7cce42a11bca1ab675928,smd_2022_8E06,"Dolores ""Miracle"" Bryant",2022-07-22,2022-08-10,Filed Signatures
4e4eff9573b8934fb120cfc9d96a81fc69d3e6e74037f6171059f614,smd_2022_8E06,"Karlene ""K"" Armstead",2022-07-29,2022-08-10,Filed Signatures
587aced570fab4e3866eb18b8cd9d4274da38563e7a43ab02995c31b,smd_2022_8E08,"Rowena ""Joyce"" Scott",2022-08-08,2022-08-10,Filed Signatures
c141ce896c3be224355903d852999f39797e44706b96340d38a27851,smd_2022_8F01,Nic Wilson,2022-08-03,2022-08-09,Filed Signatures
286ebfc5cc3bff8ffb8d3dc70ec5208edfe925f9bb1a75548dcbda72,smd_2022_8F02,Rick Murphree,2022-08-03,2022-08-09,Filed Signatures
7e4ede29b2e69532bedc418d2ee0fde950cb77dd0882e32fa58889f8,smd_2022_8F03,Andrew Mccarthy-Clark (Withdrew 9/6/22),2022-07-27,2022-08-10,Withdrew
934770ff4ec88d5f0834addb6f8f00894bfeeb1a1b8d62653a85e6c2,smd_2022_8F03,Brian Strege,2022-07-20,2022-08-10,Filed Signatures
03e06e6cea8a0a69c48caf8221946ddbb8b13a6ca8fe28427a414b4e,smd_2022_8F04,Edward Daniels,2022-07-22,2022-08-10,Filed Signatures
d4969a7e92a7e32a1d60a24a70ca3d8f7542cda8d5a57b786246ff18,smd_2022_8F04,Jesse Kamzol,2022-08-03,2022-08-10,Filed Signatures
7041f0cce37efd3ec781b6ac45caac7999162ee31c43b945c748a7a8,smd_2022_8F04,Clayton Aristotle Rosenberg,2022-07-27,2022-08-10,Filed Signatures
83356f3e69adf0816625fb217d01090199c9fc8908011d41817c1242,smd_2022_8F04,Makeeya Hazelton (Withdrew 9/8/22),2022-08-05,2022-08-08,Withdrew
