ANC-SMD,Name,Date of Pick-up,Date Filed,Date of Withdrawal,Challenge Notes
1A01,Jaspal S. Bhatia,7/28/26,7/31/26,,
1A03,Joseph Schmitt,7/6/26,7/30/26,,
1A04,Jeremy S. Sherman,7/6/26,8/4/26,,
1A04,John Henderson,7/14/26,8/3/26,,
1A05,Christine Miller,7/8/26,8/3/26,,
1A06,Anthony Thomas-Davis,7/13/26,8/5/26,,
1A06,Arjun Singh,7/20/26,8/5/26,,
1A07,Shane D. McCarthy,7/21/26,7/28/26,,
1A08,Shira Davidson,7/21/26,8/4/26,,
1A09,Daniella Kelley,8/3/26,8/5/26,,
1A10,Vida Rangel,7/8/26,8/5/26,,
1B01,Matt Fay,7/24/26,8/5/26,,
1B02,Frank Chauvin,7/6/26,8/3/26,,
1B03,David Seidman,7/15/26,8/3/26,,
1B03,J. Swiderski,7/17/26,8/4/26,,
1B03,Jamie S. Sycamore,7/8/26,8/3/26,,
1B04,Guneev Sharma,7/10/26,8/4/26,,
1B05,Alan Kensek,7/13/26,8/5/26,,
1B05,Lisa Rucker,7/28/26,8/5/26,,
1B06,Miguel Trindade Deramo,7/23/26,8/5/26,,
1B07,Matthew Holden,7/24/26,8/3/26,,
1B08,Brittany Beekman,7/8/26,7/29/26,,
1B09,Stephen Hanrahan,7/8/26,8/4/26,,
1C01,Howard Bauleke,7/9/26,7/30/26,,
1C02,Sterling Speirn,7/13/26,7/22/26,,
1C03,Kendall Gibson,7/8/26,7/31/26,,
1C04,Marie-Elise Diamond,7/14/26,8/4/26,,
1C05,Curtis Harrison,7/14/26,7/29/26,,
1C06,Lena Kennell,8/3/26,8/5/26,,
1C07,Nancy Shia,7/22/26,7/29/26,,
1C08,David Fucillo,7/13/26,7/31/26,,
1C09,Malinda Frevert,7/10/26,7/24/26,,
1D01,Sam Bell,7/21/26,7/31/26,,
1D01,Maki Tazawa,7/29/26,8/4/26,,
1D02,Susan Patrick,7/21/26,7/31/26,,
1D03,Erika Núñez,7/17/26,8/5/26,,
1D04,Melissa Wyers,7/24/26,8/5/26,,
1D05,Omar Parbhoo,7/17/26,7/31/26,,
1D06,Sapna Pandya,8/4/26,8/5/26,,
1D06,Keith Krosinsky,7/6/26,7/31/26,,
1D07,Gary Decker,7/31/26,8/4/26,,
1E01,Brad Howard,7/10/26,8/5/26,,
1E02,Audra K. Grant,7/20/26,8/3/26,,
1E02,Michael McGarty,7/30/26,8/5/26,,
1E02,Dominique D. Satterwhite,8/4/26,8/5/26,,
1E03,Philippa Hawker,7/23/26,8/4/26,,
1E03,Rami Jackson,7/22/26,8/5/26,,
1E04,Marc Poe,7/9/26,8/5/26,,
1E04,Rashida E. Brown,7/8/26,7/28/26,,
1E05,Leah Peterson,7/16/26,7/31/26,,
1E06,Josh Jacobson,7/6/26,7/21/26,,
1E07,Mark A. LeMunyon,7/10/26,7/29/26,,
2A02,Rob Gifford,7/13/26,7/22/26,,
2A03,John P. George,7/14/26,7/28/26,,
2A03,"Trupti ""Trip"" J. Patel",7/14/26,8/5/26,,
2A04,Edward Comer,7/20/26,7/28/26,,
2A06,John H. Dolan,7/14/26,7/30/26,,
2A08,Jim Malec,7/6/26,7/14/26,,
2B01,Cameron G. Yen,7/24/26,8/5/26,,
2B02,Keaton Dicapo,7/23/26,8/5/26,,
2B02,Jeffrey Rueckgauer,7/9/26,8/3/26,,
2B02,Zach Epstein,7/21/26,8/5/26,,
2B03,Vincent E. Slatt,7/7/26,7/31/26,,
2B04,Madison Crum,7/6/26,8/3/26,,
2B05,Alex Marshall,7/6/26,7/20/26,,
2B06,Matt Johnson,7/20/26,7/24/26,,
2B07,Bill Rubin,7/31/26,8/3/26,,
2B07,Kendall Simonds,7/31/26,8/5/26,,
2B08,Zach Adams,7/14/26,8/3/26,,
2B09,Lynn Thompson,7/15/26,7/27/26,,
2C01,Michael D. Shankle,7/17/26,8/3/26,,
2C02,Nancy Groth,7/10/26,8/3/26,,
2C03,Thomas S. Lee,7/27/26,7/30/26,,
2C03,Darren Sheets,7/28/26,8/4/26,,
2D01,Robyn Lipton,7/6/26,7/24/26,,
2D02,Carole L Feld,7/10/26,7/23/26,,
2E01,Eric Langenbacher,7/7/26,7/10/26,,
2E01,Aleria Elyse Butler,7/7/26,8/5/26,10/5/26,
2E02,"Christopher ""Topher"" Mathews",7/10/26,8/5/26,,
2E03,Paul Maysak,7/22/26,8/3/26,,
2E05,Mimsy Lindner,7/15/26,7/30/26,,
2E06,Stefanie Scott,7/17/26,7/31/26,,
2E07,Natalee S. Snider,7/20/26,7/27/26,,
2F01,David R. Rubenstein,7/6/26,7/27/26,,
2F03,Joe Florio,7/10/26,8/5/26,,
2F04,Benjamin Dalley,7/27/26,8/4/26,,
2F05,Christopher J. Dyer,7/7/26,7/24/26,,
2F07,Kevin Cataldo,7/7/26,8/5/26,,
2G01,Howard Garrett,7/7/26,8/4/26,,
2G01,Christian Dingus,7/8/26,8/5/26,,
2G02,"Alexander M. ""Alex"" Padro",7/6/26,8/3/26,,
2G03,Nicole Shea,7/10/26,8/5/26,,
2G04,Steven M. McCarty,7/14/26,8/4/26,,
2G06,Shariff Washington,7/17/26,8/5/26,,
2G06,Katelyn McNelis,7/17/26,8/5/26,,
3A01,Thaddeus Bradley-Lewis,7/21/26,8/3/26,,
3A03,Isaac Bowers,7/16/26,7/23/26,,
3A05,Ann Lane Mladinov,7/22/26,8/4/26,,
3B01,Kevin Lavezzo,7/20/26,8/5/26,,
3B02,Kevin Youel Page,7/21/26,7/27/26,,
3B03,Melissa Lane,7/13/26,8/3/26,,
3B04,Richard Pollock,7/8/26,7/28/26,,
3B05,Gupi Howie,7/13/26,8/3/26,,
3B06,S Robert Rodriguez,7/20/26,7/24/26,,
3C01,Ralph Ives,7/10/26,7/20/26,,
3C02,Adam J. Prinzo,7/8/26,7/31/26,,
3C03,Janell Marie Pagats,7/6/26,7/31/26,,
3C04,Erin Beard,7/23/26,8/5/26,,
3C05,Peter Miles,7/9/26,8/5/26,,
3C06,Joshua Peacock,7/6/26,7/21/26,,
3C07,Gawain Kripke,7/17/26,8/4/26,,
3C08,Rick Nash,7/24/26,8/4/26,,
3C08,Connor O'Brien,7/6/26,7/15/26,,
3D01,Andrew J. Heimert,7/6/26,7/29/26,,
3D02,Tricia Duncan,7/13/26,7/30/26,,
3D03,Gary Langston,7/6/26,7/31/26,,
3D04,Mark M. Blumenthal,7/7/26,7/23/26,,
3D05,Bernie Horn,7/27/26,8/3/26,,
3D06,Marilyn Nowalk,7/17/26,8/4/26,,
3D07,J.P. Szymkowicz,7/6/26,7/17/26,,
3E01,Matthew Cohen,7/24/26,8/4/26,,
3E02,Amy B. Hall,7/23/26,7/28/26,,
3E03,Jonathan Bender,7/20/26,8/3/26,,
3E04,Tom Quinn,7/23/26,7/31/26,,
3E05,John J Mitchell,7/22/26,7/24/26,,
3E06,Alexandra Gianinno,7/10/26,8/4/26,,
3F01,Manolis Priniotakis,7/6/26,8/5/26,,
3F03,Mitchell Baer,7/6/26,7/27/26,,
3F04,Tosha Skolnik,7/6/26,8/4/26,,
3F05,Spenser H. Dettwyler,7/6/26,7/20/26,,
3F05,Adrian Jesus Iglesias,7/29/26,8/5/26,,
3/4G01,Lisa R. Gore,7/8/26,7/16/26,,
3/4G02,Bruce Sherman,7/20/26,7/31/26,,
3/4G03,Shannon Tregar,7/10/26,7/31/26,,
3/4G03,Carol Grunewald,7/30/26,8/4/26,,
3/4G04,Laura Phinizy,7/10/26,7/24/26,,
3/4G05,Karrenthya Simmons,7/7/26,7/22/26,,
3/4G05,Weiqing F. Torti,7/20/26,8/4/26,,
3/4G06,Peter Gosselin,7/16/26,7/31/26,,
3/4G07,"Elizabeth ""Liz"" Nagy",7/10/26,7/27/26,,
4A02,Joan Hoyte,7/10/26,8/5/26,,
4A03,Christian X Hara,7/23/26,8/5/26,,
4A05,Kim Patterson,7/10/26,8/4/26,,
4B01,Dave Cooke,7/17/26,8/3/26,,
4B01,Carol Joyner,7/27/26,8/4/26,,
4B02,Christopher Sousa,7/23/26,8/5/26,,
4B04,Charlie Mayer,7/20/26,8/4/26,,
4B05,"Jose ""Joe"" Barrios",7/13/26,7/27/26,,
4B05,Wayne E. Savage,7/31/26,8/4/26,,
4B06,Tiffani Nichole Johnson,7/15/26,8/5/26,,
4B07,Julie Patton Lawson,7/7/26,7/10/26,,
4B09,Kency Nittler,7/14/26,8/4/26,,
4B10,James D. Gaston III,7/7/26,7/13/26,,
4C01,Emily Winternitz,7/27/26,7/30/26,,
4C02,Josh Mahan,7/31/26,8/5/26,,
4C03,Mike Warburton,7/17/26,8/5/26,,
4C03,Petrona Xemi Tapepechul,7/24/26,8/5/26,,
4C04,Monica E. Arrington,7/21/26,7/30/26,,
4C05,Brittany Kademian,7/15/26,7/21/26,,
4C06,John Qua,7/24/26,7/31/26,,
4C06,Christen Boas Hayes,7/29/26,8/5/26,,
4C07,Lionel Dripps,7/8/26,8/5/26,,
4C07,Taunya (Richardson) Martin,7/6/26,8/4/26,,
4D01,Matthew Staed,7/15/26,8/4/26,,
4D02,Jonathan Hogue,7/17/26,7/31/26,,
4D02,Abel Amene,7/22/26,8/5/26,,
4D03,David Brotman,7/31/26,8/4/26,,
4D04,Eliza Cava,7/21/26,8/4/26,,
4D05,Stephen Marencic,8/3/26,8/5/26,,
4D06,Brian Haupt,7/29/26,8/5/26,,
4D06,Joey Baietti,7/29/26,8/5/26,,
4D07,Brittany Vesce,7/30/26,8/4/26,,
4E01,"Aretha ""Nikki"" Jones",7/20/26,8/5/26,,
4E02,Vince Micone,7/17/26,7/24/26,,
4E03,Maria Barry,7/28/26,7/30/26,,
4E04,Hal Gordon,7/9/26,8/3/26,,
4E05,Camsie McAdams,7/15/26,7/30/26,,
4E06,Sara Adland,7/10/26,7/16/26,,
5A01,Keith J. Sellars,7/17/26,8/5/26,,
5A02,Cheryl A. Tracy,7/17/26,8/5/26,,
5A03,Emily Singer Lucio,7/15/26,7/27/26,,
5A03,Skylar Verastequi-Diaz,8/4/26,8/5/26,,
5A05,Dyanna Weston,7/6/26,8/5/26,,
5A05,Regina A. Smith,7/30/26,8/5/26,,
5A06,April Brown,7/31/26,8/5/26,,
5A06,"Derrick O. Holloway, Sr.",7/9/26,8/5/26,,
5A08,Dwight Davis,7/21/26,8/5/26,,
5A08,Elaine Alston,7/17/26,8/5/26,,
5A08,Debra Whitford,7/20/26,8/4/26,,
5A09,Robert T. Oliver,7/17/26,7/24/26,,
5B01,Shirley Rivens Smith,7/30/26,8/4/26,,
5B01,Amy Enchelmeyer,7/9/26,7/23/26,,
5B02,Andrew Davis,7/21/26,8/4/26,,
5B02,Ursula Higgins,7/6/26,7/31/26,,
5B02,Bree Ryback,7/6/26,7/31/26,,
5B03,Jingwen Sun,7/27/26,8/5/26,,
5B03,Elise Scott,7/17/26,7/31/26,,
5B04,Rayseen Woodland,7/6/26,7/31/26,,
5B04,Ra Amin,7/6/26,8/5/26,,
5B05,Rachel Williams,7/10/26,8/4/26,,
5B05,John J. Feeley,7/28/26,7/31/26,,
5B05,Michael Chaney,8/4/26,8/5/26,,
5B06,Maya Vizvary,7/23/26,8/3/26,,
5B06,Felicia Abney-Barber,7/9/26,7/30/26,,
5B07,Zahid Rathore,7/13/26,7/24/26,,
5C01,Cierra Craig,7/28/26,8/5/26,,
5C01,Konyka Dunson,8/3/26,8/5/26,,
5C02,Danielle M. Henry,7/21/26,8/3/26,,
5C02,Shawn Taylor,7/14/26,8/4/26,,
5C04,Shawn Nelson,7/10/26,8/4/26,,
5C05,Kris Pritchard,7/10/26,7/31/26,,
5C06,Harry (Tommy) Thomas Jr.,7/21/26,8/5/26,,
5C07,Latoyia Allen,7/6/26,7/30/26,,
5D01,Austin Bowen,8/3/26,8/5/26,,
5D02,Pete Loftus,7/6/26,7/24/26,,
5D02,Sebrena L. Rhodes,7/21/26,7/31/26,,
5D03,Marcus C Thaw,8/3/26,8/5/26,,
5D04,Melba Davis,7/24/26,8/5/26,,
5D05,Rashema Collins,7/7/26,7/28/26,,
5D05,Justin McCarthy,7/6/26,8/3/26,,
5D07,Juan McCullum,8/3/26,8/5/26,,
5D09,Crystal Green-Campbell,7/9/26,8/4/26,,
5E01,Ana Rodriguez,7/7/26,8/4/26,,
5E01,Kyle Gardiner,7/6/26,7/20/26,,
5E02,Matt Malinowski,7/13/26,7/29/26,,
5E02,Karla M. Lewis,7/30/26,8/4/26,,
5E02,Ada Avitabile,7/28/26,8/4/26,,
5E03,Andrew Waks,7/10/26,7/31/26,,
5E03,Patrick J King,7/28/26,7/31/26,,
5E04,Huma Imtiaz,7/8/26,7/23/26,,
5E05,Ashton DeLano,7/20/26,8/4/26,,
5E06,Tristan Zoerb,7/9/26,8/5/26,,
5E06,Kirby Vining,7/7/26,7/24/26,,
5F01,Nicole Jones,7/23/26,8/4/26,,
5F02,Matthew Frichtl,7/27/26,7/31/26,,
5F03,Patricia L. Williams,7/9/26,7/14/26,,
5F03,Shealia Tyson,7/6/26,7/31/26,,
5F04,Melissa Coughlin,7/24/26,8/5/26,,
5F05,Andrew Pendleton,7/15/26,7/24/26,,
5F06,Joe Bishop-Henchman,7/7/26,7/14/26,,
5F07,Julia Hedlund,7/13/26,7/28/26,,
6A01,Scott Burger,7/8/26,8/4/26,,
6A02,Kimberly S. Butler,7/27/26,8/4/26,,
6A02,Kari Cooke,7/27/26,8/5/26,,
6A02,Cole Rinner,8/3/26,8/5/26,,
6A03,Roberta Shapiro,7/6/26,7/15/26,,
6A04,Steve Geimann,7/27/26,7/30/26,,
6A05,Morgan Conley,7/10/26,8/5/26,,
6A06,Ben Hammer,7/7/26,7/27/26,,
6A06,Chris Kennedy,8/3/26,8/5/26,,
6A06,Daniel Aboagye,7/8/26,8/5/26,,
6A06,"Ray Biggs, II",7/27/26,8/4/26,,
6A07,Jeff Giertz,7/14/26,8/3/26,,
6B01,Jon Mandel,7/28/26,8/3/26,,
6B02,"Gerald ""Jerry"" Sroufe",7/10/26,8/4/26,,
6B03,David Sobelsohn,7/6/26,7/31/26,,
6B04,Dana White,7/10/26,8/5/26,,
6B05,Samuel Pastore,7/29/26,8/4/26,,
6B06,Lisa Matsumoto,7/21/26,8/4/26,,
6B07,Rachel E Feinstein,7/23/26,7/30/26,,
6B08,Jeffrey Menzer,7/14/26,8/3/26,,
6B09,Karen Hughes,7/7/26,8/4/26,,
6C01,Jeremiah M Foxwell,7/20/26,7/23/26,,
6C02,Lea M. Crusey,7/22/26,7/27/26,,
6C03,Jay Adelstein,7/15/26,7/23/26,,
6C04,Mark Eckenwiler,7/9/26,7/30/26,,
6C05,Daniela Kelley McInerney,7/23/26,7/24/26,,
6C06,Lorenzo Cinalli,7/7/26,7/16/26,,
6C07,Grayson Lewis,7/7/26,8/5/26,,
6D03,Gail Fast,7/9/26,7/29/26,,
6D03,Katie L. Henke,7/17/26,8/3/26,,
6D04,Manasi Raveendran,7/17/26,7/24/26,,
6D05,Timothy M. Taylor,7/9/26,7/20/26,,
6D06,Julian Hunt,7/28/26,8/4/26,,
6D06,Mitchell Calhoun,7/27/26,7/31/26,,
6D07,"Fredrica ""Rikki"" Kramer",7/17/26,8/4/26,,
6D08,Rhonda Natalie Hamilton,7/29/26,8//5/26,,
6E03,Kevin M. Rogers,7/6/26,7/15/26,,
6E04,Julia Fiedler,7/17/26,8/5/26,,
6E06,Kevin Knight,7/17/26,8/3/26,,
6E09,Ritanch T. Hans,7/6/26,7/20/26,,
7B02,Jamaal Maurice Pearsall,7/16/26,7/31/26,,
7B03,Travis R. Swanson,7/7/26,8/3/26,,
7B04,Keith R. Hasan-Towery,7/15/26,8/3/26,,
7B06,Cortez Johnson,8/4/26,8/5/26,,
7B07,Jimmie Williams,7/30/26,8/5/26,,
7B07,Rickey Titus,7/7/26,7/13/26,,
7B08,Angela M. Sydnor,7/6/26,8/5/26,,
7B09,Kenyatta M. Smith,7/31/26,8/5/26,,
7C01,Brian A. Glover,7/9/26,7/13/26,,
7C02,Patricia N. Williams,7/8/26,8/3/26,,
7C03,Carlos D. Richardson,7/23/26,8/5/26,,
7C04,Anthony Lorenzo Green,7/10/26,8/5/26,,
7C05,Mary L. Gaffney,7/9/26,8/5/26,,
7C06,LaDan W. Johnson,8/4/26,8/5/26,,
7C06,Devin Turner,7/6/26,8/4/26,,
7C07,Antawan Holmes,7/8/26,8/5/26,,
7C09,Carrie N. Brown,7/16/26,8/5/26,,
7D01,Josh Taborn,8/4/26,8/5/26,,
7D02,Toya Henderson,8/3/26,8/5/26,,
7D04,Katie Murphy,7/22/26,8/4/26,,
7D04,Charles Boston,7/30/26,8/5/26,,
7D05,Nisha Patruni,7/17/26,7/31/26,,
7D06,Donte Dominic Massey,7/6/26,7/21/26,,
7D06,Dominic A. Pacheco,7/8/26,7/23/26,,
7D07,Sarah C. Miller,7/20/26,8/4/26,,
7D08,Brian Alcorn,7/10/26,7/21/26,,
7D09,Ashley Schapitl,7/7/26,8/5/26,,
7D10,Dev Myers,7/22/26,7/28/26,,
7E02,Aaron Harris,7/13/26,7/29/26,,
7E02,Sehree M. Mickel,7/6/26,7/29/26,,
7E07,Jonathan Inman,7/7/26,8/5/26,,
7F02,Zewdi Alem,8/3/26,8/5/26,,
7F03,Kimory KSO Orendoff,7/14/26,8/5/26,,
7F04,Chanettia Nelson,7/22/26,8/5/26,,
7F05,Brittany N. Hughes,7/23/26,8/5/26,,
7F06,Frieda Edwards,8/3/26,8/4/26,,
7F07,Shirley Thompson-Wright,7/20/26,7/27/26,,
8A01,Tom Donohue,7/8/26,7/16/26,,
8A01,Kwame T. Perry,7/7/26,8/5/26,,
8A02,Anthony Paul Foreman,7/17/26,8/5/26,,
8A03,Andrea L. Davis,7/17/26,8/4/26,,
8A04,Fria Moore,7/21/26,7/31/26,,
8A05,Jason Anderson,7/31/26,8/5/26,,
8A05,Jared Powell,7/24/26,8/4/26,,
8A06,Ty'on L. Jones,7/7/26,8/4/26,,
8A07,Tomora D. Redman,7/22/26,8/5/26,,
8B01,Malcolm Willams,7/6/26,8/4/26,,
8B01,Margaret Thomas,7/7/26,8/5/26,,
8B02,Betty Scippio,7/8/26,7/24/26,,
8B03,Kellie C Jackson,7/6/26,8/5/26,,
8B04,Benita V Fundersburg,7/8/26,8/4/26,,
8B05,Joseph Johnson,7/7/26,8/5/26,,
8B06,Hanna Baker,7/6/26,8/3/26,,
8B07,Juanita Beltran,7/27/26,8/5/26,,
8C01,Sherrae Gravely,7/6/26,8/5/26,,
8C02,Gregory J. White,7/6/26,8/5/26,,
8C03,Darrell Chase,7/23/26,8/4/26,,
8C04,Kendall Ridley,7/17/26,8/5/26,,
8C05,Cheryl Moore,7/7/26,7/27/26,,
8C06,Collette Newby,7/23/26,8/5/26,,
8C07,Salim Adofo,7/6/26,8/5/26,,
8C08,Rene Neal,7/27/26,8/5/26,,
8C08,Joy Page,7/9/26,8/3/26,,
8D01,Dionne Yvette Brown,7/6/26,8/5/26,,
8D04,Daquan Johnson,7/22/26,8/5/26,,
8D06,Devon Lesesne,7/13/26,8/5/26,,
8E01,Vickie R. Lipscomb,7/6/26,8/5/26,,
8E01,Deborah J. Wells,7/31/26,8/4/26,,
8E03,Kelly Mikel Williams,7/31/26,8/5/26,,
8E04,Veronica Adams,7/7/26,8/5/26,,
8E08,Saudia Jenkins,8/4/26,8/5/26,,
8E09,Lacy Martae Williams,7/16/26,7/30/26,,
6/8F02,Antonio Rossi,8/3/26,8/5/26,,
6/8F03,Brian Strege,7/6/26,8/3/26,,
6/8F05,Dayan Reynolds,7/10/26,8/4/26,,
