candidate_id,person_id,dcboe_hash_id,smd_id,candidate_name
50429,10551,48cff608a298f4bd68873d5ec62d41af7e3571a3d9ba5cfc2d0d5bf9,smd_1D01,Jason Hamacher
50430,10053,b1b004f1f9b396a9b057fde8e9e5c16cb1fbafef6d17c79a6c03917e,smd_2C02,Jamaal Burton
50431,10552,b02f7f80c141a45e00aeb8cf0f4f9e1e8db234f4e6f9beb349941ed5,smd_2C02,William Mascaro
50432,10084,5ac8c36e5f40fdc82b396c151d546b02eee5b2f951921ee7fff97cf7,smd_3C08,Victoria Gersten
50433,10553,6e464cc0b7b23e6f84663cfc97beee7daa5a7b9b468096f0b216fc30,smd_3D05,Sabra Horne
50434,10554,41b5bfc4fd18203f69595c08cec17b4093db38b43bcbaa99d0f01a72,smd_4A05,Carolyn C. Steptoe
50435,10555,079daf9973641fec81b0ca7a77be673f4a68b739d89eee55d17b37be,smd_4B04,Farrah Darbouze
50436,10556,097b00a664b666e74bb8f0c7202cbf4e96a37e6c65389663b1e166e7,smd_4C03,Ceceila Waldeck
50437,10557,29fcb32b16844dcec83f94eb07b2d324c39ed56e583fd1b75a611900,smd_4D01,Erik Lindsjo
50438,10558,c72e55de2f03b5fa98a13e111f7621be134c4828eb5f9b0976db0176,smd_4D02,Misha G. Cornelius
50439,10559,3adc803c63a4aa6d48cdcf835373c95161bc41240c77c9019f1d5fd6,smd_4D05,Peter Benzoni
50440,10560,a787a3191ddbd03d8bbbc172875b2e09ed342817ab9deb0c4188f2fd,smd_5A06,Derrick O. Holloway
50441,10561,0412ea8a9cf9c03d0744c9e8f6c89064f8692ec6ca32fe385f0f7369,smd_5D02,Cameron Brown
50442,10562,87c0a433075547ef887b20a4ff5682ad199b65aa0b8d45ecbcaeaf52,smd_5E10,Sally Hobaugh
50443,10189,957aa6fb508c20da897c9e58f9af02f3e5a48c0550fb416997298575,smd_6B01,Jennifer El. Samolyk
50444,10563,61a61d00ec7a9b125f792742a036524b3943c023397a5f70d2b03647,smd_6B01,Boaz Yavnai
50445,10564,e712c5b6a80f8e8cc7244dd5caeb9a9bb98ed1508c29bd6da0b1c047,smd_6B08,Peter Wright
50446,10565,0ff53b23d8b71d1f851a07af86a785e42da4f16fb390c9ed16b020f3,smd_6B09,Alison Horn
50447,10237,ba74f08269af9c6e6be2fa7e66c32749754f1dec46391829a1c8eca0,smd_7E01,Veda Rasheed
50448,10566,16a12e9235622b67b3c19914f90043435623fb73281938f1eddb8a3d,smd_7E02,Tierra J. Fletcher
50449,10567,e1de996909d1c5a908102b41846c455143fc19e0575e34d513d9c57b,smd_7E07,Justyn Iman
50450,10568,096dc4800ac31deb58ffa258c53e9558c55bec0ad30128173631b770,smd_7F02,Frederick E. Wolf
